city,stratum,cell_id,donor_cell_id,profile_level,context_distance,area_m2
Changde,Transitional,Changde_111.612305_29.043656,Changde_111.630272_29.061622,moderate,0.52551651295848412,54518.536448525956
Changde,Transitional,Changde_111.652730_29.041410,Changde_111.659467_29.043656,moderate,0.48230096316864468,54519.72305584851
Changde,Transitional,Changde_111.677433_29.014461,Changde_111.715612_29.054885,moderate,1.1055469141371459,54533.955809788415
Changde,Transitional,Changde_111.686416_29.000986,Changde_111.702137_29.016707,moderate,0.59346463564666119,54541.067662605477
Changde,Transitional,Changde_111.706628_29.014461,Changde_111.717857_29.014461,moderate,0.27728466263552842,54533.955809788415
Changde,Transitional,Changde_111.720103_28.996494,Changde_111.729086_28.987511,moderate,0.16443744687781023,54543.43760971116
Changde,Transitional,Changde_111.720103_29.025690,Changde_111.729086_29.027936,moderate,0.20370279655481202,54528.026961769421
Changde,Transitional,Changde_111.720103_29.070605,Changde_111.706628_29.077343,moderate,0.27514397925418238,54504.290628049326
Changde,Transitional,Changde_111.733578_29.014461,Changde_111.726841_29.021198,moderate,0.17998427105984288,54533.955809700099
Changde,Transitional,Changde_111.742561_28.992003,Changde_111.744807_28.989757,moderate,0.19099470173260039,54545.807221920099
Changde,Transitional,Changde_111.634763_29.021198,Changde_111.720103_29.077343,primary,0.41321164789486381,54530.398752308538
Changde,Transitional,Changde_111.661713_29.063868,Changde_111.643746_29.057131,primary,0.16440979216255591,54507.853213709925
Changde,Transitional,Changde_111.666204_29.063868,Changde_111.637009_29.045902,primary,0.18818968215908097,54507.853213621609
Changde,Transitional,Changde_111.668450_29.077343,Changde_111.641501_29.059377,primary,0.20603873364440481,54500.727288517803
Changde,Transitional,Changde_111.670696_29.063868,Changde_111.668450_29.005478,primary,0.58533840352909905,54507.853213709925
Changde,Transitional,Changde_111.702137_28.987511,Changde_111.704383_28.987511,primary,0.34221723248017705,54548.176498790723
Changde,Transitional,Changde_111.717857_29.043656,Changde_111.717857_29.005478,primary,0.44972547265755131,54518.536448525956
Changde,Transitional,Changde_111.720103_29.018952,Changde_111.729086_29.023444,primary,0.27215354176093431,54531.584521859346
Changde,Transitional,Changde_111.722349_29.057131,Changde_111.724595_29.061622,primary,0.25324518720810307,54511.41504585286
Changde,Transitional,Changde_111.724595_29.039164,Changde_111.670696_28.987511,primary,0.48362588099565013,54520.909579358558
Changde,Transitional,Changde_111.625780_29.027936,Changde_111.625780_29.025690,upper,0.15587872022849861,54526.840940692789
Changde,Transitional,Changde_111.637009_29.027936,Changde_111.645992_29.025690,upper,0.21876238592141525,54526.840940604474
Changde,Transitional,Changde_111.641501_29.023444,Changde_111.693154_29.079589,upper,0.43358180894526682,54529.212898680278
Changde,Transitional,Changde_111.650484_29.039164,Changde_111.699891_29.084080,upper,0.42488459776742221,54520.909579446881
Changde,Transitional,Changde_111.675187_29.000986,Changde_111.724595_29.061622,upper,0.54023597604756635,54541.067662517162
Changde,Transitional,Changde_111.677433_29.009969,Changde_111.702137_28.998740,upper,0.27287715537303792,54536.326762644108
Changde,Transitional,Changde_111.693154_29.003232,Changde_111.708874_29.007723,upper,0.60888621804547149,54539.882563289728
Changde,Transitional,Changde_111.702137_29.066114,Changde_111.630272_29.032427,upper,0.42691715424583232,54506.665768792263
Changde,Transitional,Changde_111.722349_29.036919,Changde_111.726841_29.023444,upper,0.17947082988242441,54522.096019321063
Changde,Transitional,Changde_111.731332_29.032427,Changde_111.708874_28.994249,upper,0.4122788630779004,54524.468647455295
Changsha,Transitional,Changsha_112.834014_28.354199,Changsha_112.836260_28.347462,moderate,0.2586593974709297,54878.881861306385
Changsha,Transitional,Changsha_112.878930_28.235172,Changsha_112.874438_28.118391,moderate,0.37113893079431531,54940.288427267093
Changsha,Transitional,Changsha_112.973253_28.268859,Changsha_113.108000_28.183519,moderate,0.47152476443654395,54922.933255113719
Changsha,Transitional,Changsha_112.986728_28.246401,Changsha_113.058593_28.170044,moderate,0.2335351688116982,54934.505479767409
Changsha,Transitional,Changsha_113.000202_28.055509,Changsha_112.973253_28.044280,moderate,0.44780458412293633,55032.528448017794
Changsha,Transitional,Changsha_113.040627_28.161061,Changsha_113.047364_28.221698,moderate,0.17175892628857253,54978.402945955087
Changsha,Transitional,Changsha_113.045118_28.176782,Changsha_113.042872_28.212714,moderate,0.16285084848889067,54970.325732360208
Changsha,Transitional,Changsha_113.049610_28.208223,Changsha_113.051856_28.219452,moderate,0.27771058541340682,54954.158890940496
Changsha,Transitional,Changsha_113.051856_28.071230,Changsha_113.054101_28.071230,moderate,0.25179417187321451,55024.479035621247
Changsha,Transitional,Changsha_113.110246_28.239664,Changsha_113.081051_28.174536,moderate,0.47674102122352574,54937.97550154171
Changsha,Transitional,Changsha_112.874438_28.208223,Changsha_112.878930_28.194748,primary,0.41456418382243343,54954.158890940496
Changsha,Transitional,Changsha_112.896896_28.129620,Changsha_112.914863_28.145341,primary,0.38558585206986051,54994.544956177087
Changsha,Transitional,Changsha_112.919354_28.205977,Changsha_112.932829_28.205977,primary,0.54186163873291671,54955.314214209291
Changsha,Transitional,Changsha_112.935075_28.158815,Changsha_112.941812_28.156570,primary,0.39734793075491565,54979.556495737226
Changsha,Transitional,Changsha_113.000202_28.304792,Changsha_113.036135_28.257630,primary,0.27585030788632653,54904.400145330081
Changsha,Transitional,Changsha_113.002448_28.255384,Changsha_113.058593_28.172290,primary,0.35153570490723307,54929.877602509318
Changsha,Transitional,Changsha_113.018169_28.062247,Changsha_113.018169_28.060001,primary,0.21709123382525378,55029.079207327937
Changsha,Transitional,Changsha_113.029398_28.084704,Changsha_112.982236_28.075721,primary,0.43076070107297143,55017.57624218108
Changsha,Transitional,Changsha_113.108000_28.221698,Changsha_113.123721_28.217206,primary,0.34546986380982497,54947.225178724235
Changsha,Transitional,Changsha_113.128212_28.219452,Changsha_113.074313_28.259876,primary,0.69481180463901837,54948.381008400705
Changsha,Transitional,Changsha_112.816048_28.351953,Changsha_112.798082_28.349707,upper,0.43445520227910978,54880.042668685899
Changsha,Transitional,Changsha_112.849735_28.318266,Changsha_112.865455_28.322758,upper,0.48287744563425461,54897.444661469832
Changsha,Transitional,Changsha_112.892405_28.241910,Changsha_113.027152_28.104917,upper,0.56733348242606274,54936.818911900467
Changsha,Transitional,Changsha_112.908125_28.138603,Changsha_112.988974_28.071230,upper,0.38579031752633264,54989.934642716187
Changsha,Transitional,Changsha_112.910371_28.244155,Changsha_112.863209_28.309283,upper,0.4492523032459475,54935.662238005141
Changsha,Transitional,Changsha_112.966516_28.289071,Changsha_112.991219_28.302546,upper,0.43838529309432694,54912.511038391225
Changsha,Transitional,Changsha_112.968761_28.102671,Changsha_113.006940_28.322758,upper,0.39011368270410474,55008.367784322203
Changsha,Transitional,Changsha_113.040627_28.113900,Changsha_113.004694_28.327250,upper,0.21615914107701123,55002.609751391145
Changsha,Transitional,Changsha_113.047364_28.145341,Changsha_113.018169_28.313775,upper,0.31439181183332066,54986.476020766786
Changsha,Transitional,Changsha_113.119229_28.235172,Changsha_113.123721_28.217206,upper,0.31738768664322831,54940.288427178777
Chenzhou,Hilly,Chenzhou_112.971007_25.737856,Chenzhou_112.977745_25.742347,moderate,0.43365209110898006,56173.595376145233
Chenzhou,Hilly,Chenzhou_112.975499_25.746839,Chenzhou_112.986728_25.749085,moderate,0.54459934593043224,56169.348892663314
Chenzhou,Hilly,Chenzhou_113.004694_25.778280,Chenzhou_113.002448_25.809721,moderate,0.41923431757528962,56154.475327151406
Chenzhou,Hilly,Chenzhou_113.006940_25.758068,Chenzhou_113.011431_25.767051,moderate,0.45342501870672408,56164.038846382326
Chenzhou,Hilly,Chenzhou_113.013677_25.829933,Chenzhou_113.006940_25.823196,moderate,0.33388027685057314,56130.003476735823
Chenzhou,Hilly,Chenzhou_113.020415_25.838916,Chenzhou_113.027152_25.845654,moderate,0.18237087340767386,56125.742845544744
Chenzhou,Hilly,Chenzhou_113.031644_25.787263,Chenzhou_113.036135_25.773788,moderate,0.36070845766276388,56150.222631034718
Chenzhou,Hilly,Chenzhou_113.049610_25.778280,Chenzhou_113.065330_25.789509,moderate,0.60163670594115393,56154.475327151406
Chenzhou,Hilly,Chenzhou_113.065330_25.789509,Chenzhou_113.045118_25.778280,moderate,0.43226519560832044,56149.159241247973
Chenzhou,Hilly,Chenzhou_113.081051_25.787263,Chenzhou_113.103509_25.820950,moderate,0.7508731090211358,56150.222631034718
Chenzhou,Hilly,Chenzhou_112.977745_25.744593,Chenzhou_112.986728_25.749085,primary,0.55487906860417424,56170.410642939765
Chenzhou,Hilly,Chenzhou_113.002448_25.776034,Chenzhou_113.000202_25.798492,primary,0.34786162947125449,56155.538285511313
Chenzhou,Hilly,Chenzhou_113.006940_25.823196,Chenzhou_113.011431_25.838916,primary,0.71834618163745512,56133.198044706834
Chenzhou,Hilly,Chenzhou_113.013677_25.769297,Chenzhou_113.042872_25.782772,primary,0.61999115627754853,56158.726642967158
Chenzhou,Hilly,Chenzhou_113.013677_25.832179,Chenzhou_113.006940_25.823196,primary,0.52143381759150165,56128.938448233632
Chenzhou,Hilly,Chenzhou_113.036135_25.818704,Chenzhou_113.038381_25.818704,primary,0.49699865854773873,56135.327325496182
Chenzhou,Hilly,Chenzhou_113.038381_25.787263,Chenzhou_112.991219_25.798492,primary,0.48738239748167761,56150.222631034718
Chenzhou,Hilly,Chenzhou_113.042872_25.771543,Chenzhou_113.047364_25.802984,primary,0.47423172779620748,56157.663943375032
Chenzhou,Hilly,Chenzhou_113.042872_25.794000,Chenzhou_113.045118_25.785017,primary,0.33388373698179102,56147.032203083327
Chenzhou,Hilly,Chenzhou_113.045118_25.800738,Chenzhou_113.038381_25.818704,primary,0.68505608306378107,56143.840998828578
Chenzhou,Hilly,Chenzhou_112.966516_25.737856,Chenzhou_113.011431_25.764805,upper,0.77124781084746241,56173.595376145233
Chenzhou,Hilly,Chenzhou_112.971007_25.740102,Chenzhou_113.004694_25.760314,upper,0.61303288590559413,56172.533884813201
Chenzhou,Hilly,Chenzhou_112.971007_25.746839,Chenzhou_112.991219_25.746839,upper,0.44003143675231826,56169.348892574999
Chenzhou,Hilly,Chenzhou_112.973253_25.742347,Chenzhou_113.002448_25.760314,upper,0.37145593854317227,56171.472307019169
Chenzhou,Hilly,Chenzhou_113.000202_25.800738,Chenzhou_113.029398_25.847899,upper,0.63283683406591185,56143.840998828578
Chenzhou,Hilly,Chenzhou_113.002448_25.782772,Chenzhou_112.991219_25.746839,upper,0.53292495636041204,56152.349151487164
Chenzhou,Hilly,Chenzhou_113.038381_25.782772,Chenzhou_113.038381_25.818704,upper,0.6675697474452118,56152.349151487164
Chenzhou,Hilly,Chenzhou_113.045118_25.798492,Chenzhou_113.038381_25.818704,upper,0.51338013711663444,56144.904819688891
Chenzhou,Hilly,Chenzhou_113.051856_25.776034,Chenzhou_113.096771_25.809721,upper,1.5276537654151572,56155.538285511313
Chenzhou,Hilly,Chenzhou_113.063085_25.785017,Chenzhou_113.036135_25.787263,upper,0.99310519340353065,56151.285934447784
Enshi,Mountainous,Enshi_109.445120_30.285577,Enshi_109.458594_30.292314,moderate,0.49884675880606144,53849.564051368674
Enshi,Mountainous,Enshi_109.451857_30.276594,Enshi_109.456349_30.278840,moderate,0.37732037281705677,53854.494133896689
Enshi,Mountainous,Enshi_109.460840_30.294560,Enshi_109.451857_30.254136,moderate,0.25210444806628857,53844.632645150705
Enshi,Mountainous,Enshi_109.467578_30.319264,Enshi_109.440628_30.278840,moderate,0.66704592867358392,53831.064453779567
Enshi,Mountainous,Enshi_109.472069_30.299052,Enshi_109.449611_30.269856,moderate,0.52945685447423796,53842.166445790463
Enshi,Mountainous,Enshi_109.481052_30.256382,Enshi_109.481052_30.249644,moderate,0.97699475837245864,53865.581978816648
Enshi,Mountainous,Enshi_109.485544_30.249644,Enshi_109.454103_30.245153,moderate,0.85112494743778999,53869.276437751309
Enshi,Mountainous,Enshi_109.485544_30.269856,Enshi_109.456349_30.247399,moderate,0.33626939308657244,53858.190826889338
Enshi,Mountainous,Enshi_109.499019_30.296806,Enshi_109.458594_30.247399,moderate,0.54725909461823241,53843.399586802778
Enshi,Mountainous,Enshi_109.501264_30.323755,Enshi_109.508002_30.314772,moderate,0.48564948524049895,53828.596434743056
Enshi,Mountainous,Enshi_109.449611_30.269856,Enshi_109.442874_30.265365,primary,0.28899293524645231,53858.190826712707
Enshi,Mountainous,Enshi_109.451857_30.294560,Enshi_109.440628_30.267611,primary,0.19608473073513205,53844.632645150705
Enshi,Mountainous,Enshi_109.460840_30.283331,Enshi_109.467578_30.245153,primary,0.52787361708994696,53850.796696041412
Enshi,Mountainous,Enshi_109.463086_30.296806,Enshi_109.449611_30.256382,primary,0.27086295261877191,53843.399586802778
Enshi,Mountainous,Enshi_109.469823_30.258627,Enshi_109.467578_30.281085,primary,0.72597784108896135,53864.350327176326
Enshi,Mountainous,Enshi_109.476561_30.310281,Enshi_109.460840_30.296806,primary,0.60380815712851621,53835.99949952669
Enshi,Mountainous,Enshi_109.487790_30.310281,Enshi_109.487790_30.332738,primary,0.80911517852694514,53835.99949952669
Enshi,Mountainous,Enshi_109.492281_30.328247,Enshi_109.492281_30.312526,primary,0.64191566885148144,53826.128084695752
Enshi,Mountainous,Enshi_109.494527_30.267611,Enshi_109.463086_30.242907,primary,0.53963212139817707,53859.422892558119
Enshi,Mountainous,Enshi_109.494527_30.326001,Enshi_109.494527_30.321510,primary,0.42245718744557859,53827.362301051595
Enshi,Mountainous,Enshi_109.454103_30.274348,Enshi_109.451857_30.251890,upper,0.25181282974621688,53855.726447558627
Enshi,Mountainous,Enshi_109.463086_30.238415,Enshi_109.460840_30.238415,upper,0.20545852308660065,53875.432213725158
Enshi,Mountainous,Enshi_109.469823_30.287823,Enshi_109.463086_30.272102,upper,0.96883473075289361,53848.331323854916
Enshi,Mountainous,Enshi_109.478807_30.251890,Enshi_109.454103_30.245153,upper,0.71224939587017855,53868.045033927512
Enshi,Mountainous,Enshi_109.487790_30.312526,Enshi_109.483298_30.330493,upper,0.54275462424784515,53834.765862174805
Enshi,Mountainous,Enshi_109.490036_30.256382,Enshi_109.465332_30.236170,upper,0.61337990893050598,53865.581978816648
Enshi,Mountainous,Enshi_109.492281_30.303543,Enshi_109.492281_30.312526,upper,0.45435840234455843,53839.699915242782
Enshi,Mountainous,Enshi_109.499019_30.314772,Enshi_109.499019_30.323755,upper,0.26472742402504407,53833.532142158532
Enshi,Mountainous,Enshi_109.499019_30.317018,Enshi_109.494527_30.321510,upper,0.41147080034473937,53832.29833930124
Enshi,Mountainous,Enshi_109.501264_30.312526,Enshi_109.499019_30.323755,upper,0.46804991701614279,53834.765862174805
Ezhou,Transitional,Ezhou_114.794587_30.386637,Ezhou_114.810308_30.391129,moderate,0.53385850981133331,53794.00944000551
Ezhou,Transitional,Ezhou_114.819291_30.397866,Ezhou_114.826028_30.395621,moderate,0.38158963350727876,53787.82637153723
Ezhou,Transitional,Ezhou_114.864207_30.357442,Ezhou_114.855224_30.355196,moderate,0.24577574450982514,53810.075748197662
Ezhou,Transitional,Ezhou_114.866452_30.343967,Ezhou_114.870944_30.339476,moderate,0.56254426079849373,53817.486255072152
Ezhou,Transitional,Ezhou_114.873190_30.361934,Ezhou_114.866452_30.361934,moderate,0.35437688258230643,53807.604917688914
Ezhou,Transitional,Ezhou_114.877681_30.364179,Ezhou_114.866452_30.364179,moderate,0.57669146108760316,53806.36937852628
Ezhou,Transitional,Ezhou_114.882173_30.382146,Ezhou_114.864207_30.395621,moderate,0.72030449845983757,53796.482088777455
Ezhou,Transitional,Ezhou_114.891156_30.395621,Ezhou_114.848486_30.395621,moderate,0.53478858304525245,53789.063150489004
Ezhou,Transitional,Ezhou_114.893402_30.370917,Ezhou_114.877681_30.364179,moderate,0.65717194773892962,53802.662265052066
Ezhou,Transitional,Ezhou_114.920351_30.424816,Ezhou_114.902385_30.388883,moderate,0.81518175398474924,53772.978578236936
Ezhou,Transitional,Ezhou_114.794587_30.391129,Ezhou_114.828274_30.395621,primary,0.52485332593695122,53791.536460576026
Ezhou,Transitional,Ezhou_114.814799_30.402358,Ezhou_114.828274_30.397866,primary,0.29195036375287375,53785.352565463902
Ezhou,Transitional,Ezhou_114.864207_30.334984,Ezhou_114.873190_30.346213,primary,0.81522707825451524,53822.424939818535
Ezhou,Transitional,Ezhou_114.864207_30.346213,Ezhou_114.855224_30.346213,primary,0.39997783804714754,53816.251377577857
Ezhou,Transitional,Ezhou_114.866452_30.337230,Ezhou_114.873190_30.346213,primary,0.84476972558735275,53821.190392628516
Ezhou,Transitional,Ezhou_114.886665_30.361934,Ezhou_114.870944_30.341722,primary,0.55273124021979037,53807.604917688914
Ezhou,Transitional,Ezhou_114.891156_30.397866,Ezhou_114.861961_30.382146,primary,0.75430358391091012,53787.826371360599
Ezhou,Transitional,Ezhou_114.893402_30.373163,Ezhou_114.832766_30.404604,primary,0.63738407350959458,53801.426394878625
Ezhou,Transitional,Ezhou_114.895648_30.379900,Ezhou_114.846240_30.386637,primary,0.73707552333769788,53797.718289608434
Ezhou,Transitional,Ezhou_114.909122_30.420324,Ezhou_114.913614_30.418078,primary,0.50020605640152627,53775.454036714793
Ezhou,Transitional,Ezhou_114.814799_30.395621,Ezhou_114.855224_30.352951,upper,0.57620803227048289,53789.063150665635
Ezhou,Transitional,Ezhou_114.864207_30.350705,Ezhou_114.850732_30.352951,upper,0.71178612502665473,53813.781373889586
Ezhou,Transitional,Ezhou_114.868698_30.346213,Ezhou_114.857469_30.409095,upper,0.75298347946625688,53816.251377577857
Ezhou,Transitional,Ezhou_114.870944_30.343967,Ezhou_114.855224_30.330493,upper,1.758163191029473,53817.486255072152
Ezhou,Transitional,Ezhou_114.873190_30.352951,Ezhou_114.855224_30.370917,upper,0.6781517058205887,53812.546248048879
Ezhou,Transitional,Ezhou_114.873190_30.368671,Ezhou_114.866452_30.364179,upper,0.49723293689709597,53803.898052207856
Ezhou,Transitional,Ezhou_114.882173_30.379900,Ezhou_114.866452_30.364179,upper,0.4705766539765866,53797.718289608434
Ezhou,Transitional,Ezhou_114.884419_30.366425,Ezhou_114.866452_30.364179,upper,0.63608059495078972,53805.133756522628
Ezhou,Transitional,Ezhou_114.900139_30.373163,Ezhou_114.852978_30.397866,upper,0.85051524805722911,53801.426394878625
Ezhou,Transitional,Ezhou_114.904631_30.373163,Ezhou_114.850732_30.352951,upper,1.0590857129373819,53801.426394878625
Fuzhou,Hilly,Fuzhou_116.332952_27.999365,Fuzhou_116.328461_27.999365,moderate,0.37672023653325981,55061.242525759284
Fuzhou,Hilly,Fuzhou_116.339690_27.952203,Fuzhou_116.330706_27.954449,moderate,0.17697785014166886,55085.321493550604
Fuzhou,Hilly,Fuzhou_116.344181_28.010593,Fuzhou_116.310494_27.945466,moderate,0.6229143744855612,55055.503939183131
Fuzhou,Hilly,Fuzhou_116.357656_27.945466,Fuzhou_116.375622_27.992627,moderate,0.61027513257647503,55088.758299874324
Fuzhou,Hilly,Fuzhou_116.364393_27.961186,Fuzhou_116.330706_27.952203,moderate,0.55420577140447247,55080.737900557193
Fuzhou,Hilly,Fuzhou_116.375622_27.934237,Fuzhou_116.402572_27.940974,moderate,0.28806958014683165,55094.484617324786
Fuzhou,Hilly,Fuzhou_116.382360_27.954449,Fuzhou_116.391343_27.927499,moderate,0.57138546634985521,55084.175722345753
Fuzhou,Hilly,Fuzhou_116.386851_27.931991,Fuzhou_116.400326_27.936482,moderate,0.39301024675365137,55095.629626975162
Fuzhou,Hilly,Fuzhou_116.398080_27.931991,Fuzhou_116.389097_27.927499,moderate,0.24475450224226866,55095.629626975162
Fuzhou,Hilly,Fuzhou_116.409309_27.914025,Fuzhou_116.395834_27.929745,moderate,0.23724933454916675,55104.786656193945
Fuzhou,Hilly,Fuzhou_116.283545_27.940974,Fuzhou_116.306003_27.920762,primary,0.18848997012211929,55091.04908072955
Fuzhou,Hilly,Fuzhou_116.294774_27.940974,Fuzhou_116.323969_27.954449,primary,0.63342678771129102,55091.049080641234
Fuzhou,Hilly,Fuzhou_116.312740_27.945466,Fuzhou_116.321723_27.963432,primary,0.82987370064425858,55088.758299874324
Fuzhou,Hilly,Fuzhou_116.317232_27.940974,Fuzhou_116.299265_27.949957,primary,0.28206518846922146,55091.04908072955
Fuzhou,Hilly,Fuzhou_116.330706_27.972415,Fuzhou_116.308249_27.956695,primary,0.25821208323104972,55075.006505075973
Fuzhou,Hilly,Fuzhou_116.335198_27.974661,Fuzhou_116.310494_27.952203,primary,0.27107442296974149,55073.85997214001
Fuzhou,Hilly,Fuzhou_116.337444_27.952203,Fuzhou_116.330706_27.945466,primary,0.50055598686689695,55085.321493550604
Fuzhou,Hilly,Fuzhou_116.346427_28.017331,Fuzhou_116.355410_28.037543,primary,0.22825619070020925,55052.059772108194
Fuzhou,Hilly,Fuzhou_116.380114_27.961186,Fuzhou_116.323969_27.949957,primary,0.46023866003196245,55080.737900557193
Fuzhou,Hilly,Fuzhou_116.395834_27.985890,Fuzhou_116.407063_27.990381,primary,0.27171014060276238,55068.126038349947
Fuzhou,Hilly,Fuzhou_116.285791_27.938728,Fuzhou_116.303757_27.925254,upper,0.3332628079453604,55092.194344290299
Fuzhou,Hilly,Fuzhou_116.290282_27.920762,Fuzhou_116.288036_27.918516,upper,0.10030438593936346,55101.353405056987
Fuzhou,Hilly,Fuzhou_116.297020_27.920762,Fuzhou_116.288036_27.918516,upper,0.098503582281911278,55101.353405056987
Fuzhou,Hilly,Fuzhou_116.362147_27.952203,Fuzhou_116.308249_27.931991,upper,0.57406468855638215,55085.321493550604
Fuzhou,Hilly,Fuzhou_116.368885_27.934237,Fuzhou_116.368885_27.938728,upper,0.51703936260944738,55094.484617413102
Fuzhou,Hilly,Fuzhou_116.371131_27.963432,Fuzhou_116.335198_27.949957,upper,0.30932186320119698,55079.591790657985
Fuzhou,Hilly,Fuzhou_116.377868_27.927499,Fuzhou_116.375622_27.925254,upper,0.24288387220822988,55097.919392188916
Fuzhou,Hilly,Fuzhou_116.389097_27.985890,Fuzhou_116.386851_28.006102,upper,0.20943792247037366,55068.126038438262
Fuzhou,Hilly,Fuzhou_116.393588_27.943220,Fuzhou_116.404817_27.929745,upper,0.61375162174726217,55089.903732649771
Fuzhou,Hilly,Fuzhou_116.400326_27.940974,Fuzhou_116.389097_27.929745,upper,0.21534068321781955,55091.04908072955
Ganzhou,Hilly,Ganzhou_114.785604_25.710906,Ganzhou_114.823783_25.719889,moderate,0.48094981951060645,56186.326541782662
Ganzhou,Hilly,Ganzhou_114.790096_25.722135,Ganzhou_114.781113_25.719889,moderate,0.20886196766211468,56181.023400009079
Ganzhou,Hilly,Ganzhou_114.837257_25.724381,Ganzhou_114.859715_25.751331,moderate,0.2714263738347919,56179.962512674618
Ganzhou,Hilly,Ganzhou_114.852978_25.841162,Ganzhou_114.861961_25.856883,moderate,0.28988179558463806,56124.677472077718
Ganzhou,Hilly,Ganzhou_114.857469_25.753576,Ganzhou_114.855224_25.749085,moderate,0.24915844387066502,56166.16312368017
Ganzhou,Hilly,Ganzhou_114.893402_25.838916,Ganzhou_114.906877_25.877095,moderate,0.24427219056910177,56125.742845456429
Ganzhou,Hilly,Ganzhou_114.913614_25.843408,Ganzhou_114.904631_25.886078,moderate,0.29661726270442446,56123.61201232532
Ganzhou,Hilly,Ganzhou_114.945055_25.820950,Ganzhou_114.987725_25.856883,moderate,0.4723513682649621,56134.26272824419
Ganzhou,Hilly,Ganzhou_114.967513_25.829933,Ganzhou_114.803570_25.708661,moderate,0.44302346137173471,56130.003476735823
Ganzhou,Hilly,Ganzhou_114.992217_25.838916,Ganzhou_114.960776_25.868112,moderate,0.51704498187031578,56125.742845456429
Ganzhou,Hilly,Ganzhou_114.724968_25.695186,Ganzhou_114.727214_25.690694,primary,0.33718469124917699,56193.747314672895
Ganzhou,Hilly,Ganzhou_114.823783_25.724381,Ganzhou_114.850732_25.742347,primary,0.34368295334389837,56179.962512674618
Ganzhou,Hilly,Ganzhou_114.828274_25.737856,Ganzhou_114.832766_25.737856,primary,0.40997475848462278,56173.595376233548
Ganzhou,Hilly,Ganzhou_114.835011_25.742347,Ganzhou_114.814799_25.722135,primary,0.38139513372673001,56171.472307019169
Ganzhou,Hilly,Ganzhou_114.866452_25.834425,Ganzhou_114.951792_25.883832,primary,0.44124726021669408,56127.873333622701
Ganzhou,Hilly,Ganzhou_114.866452_25.861374,Ganzhou_115.023658_25.886078,primary,0.42131099853206566,56115.085231477278
Ganzhou,Hilly,Ganzhou_114.904631_25.847899,Ganzhou_114.922597_25.892815,primary,0.6558701096724846,56121.480834406007
Ganzhou,Hilly,Ganzhou_114.915860_25.854637,Ganzhou_114.918106_25.879340,primary,0.61747497234903814,56118.283420960848
Ganzhou,Hilly,Ganzhou_114.929335_25.897307,Ganzhou_114.987725_25.854637,primary,0.44472884652316519,56098.015117386276
Ganzhou,Hilly,Ganzhou_114.963021_25.843408,Ganzhou_114.954038_25.874849,primary,0.44645980032822735,56123.612012501952
Ganzhou,Hilly,Ganzhou_114.747426_25.645778,Ganzhou_114.742934_25.645778,upper,0.21436143729735851,56217.042200796015
Ganzhou,Hilly,Ganzhou_114.763146_25.681711,Ganzhou_114.727214_25.681711,upper,0.32720176303213566,56200.104610342889
Ganzhou,Hilly,Ganzhou_114.774375_25.663745,Ganzhou_114.794587_25.695186,upper,0.56901055173006454,56208.576168997439
Ganzhou,Hilly,Ganzhou_114.783358_25.677220,Ganzhou_114.790096_25.665991,upper,0.44153191463774799,56202.223017939519
Ganzhou,Hilly,Ganzhou_114.810308_25.735610,Ganzhou_114.828274_25.744593,upper,0.14917106662524729,56174.656781456848
Ganzhou,Hilly,Ganzhou_114.906877_25.888324,Ganzhou_114.954038_25.895061,upper,0.34006655608776698,56102.284714748639
Ganzhou,Hilly,Ganzhou_114.918106_25.811967,Ganzhou_114.929335_25.811967,upper,0.30646049666535979,56138.520599893214
Ganzhou,Hilly,Ganzhou_114.965267_25.816458,Ganzhou_114.832766_25.726627,upper,0.32233118224727408,56136.39183655112
Ganzhou,Hilly,Ganzhou_114.992217_25.838916,Ganzhou_114.972005_25.841162,upper,0.31928119975487113,56125.742845456429
Ganzhou,Hilly,Ganzhou_115.016920_25.890569,Ganzhou_115.023658_25.886078,upper,0.36941519525800781,56101.217444681541
Hengyang,Transitional,Hengyang_112.528587_26.896683,Hengyang_112.638631_26.923632,moderate,0.4832635454451063,55614.436468748965
Hengyang,Transitional,Hengyang_112.548799_26.898928,Hengyang_112.555536_26.892191,moderate,0.52027235469793076,55613.33066577409
Hengyang,Transitional,Hengyang_112.602698_26.932615,Hengyang_112.645368_26.925878,moderate,0.53120313442540379,55596.733366881374
Hengyang,Transitional,Hengyang_112.618418_26.968548,Hengyang_112.584732_26.957319,moderate,0.49699328192835923,55579.008398341073
Hengyang,Transitional,Hengyang_112.620664_26.952827,Hengyang_112.620664_26.950581,moderate,0.21696089054231818,55586.765762147421
Hengyang,Transitional,Hengyang_112.620664_26.959565,Hengyang_112.607190_26.964056,moderate,0.26662973690700825,55583.441689996493
Hengyang,Transitional,Hengyang_112.629647_26.955073,Hengyang_112.611681_26.968548,moderate,0.27697601158120677,55585.65782358763
Hengyang,Transitional,Hengyang_112.631893_26.975285,Hengyang_112.620664_26.973039,moderate,0.18537827477845595,55575.682533008876
Hengyang,Transitional,Hengyang_112.647614_26.847275,Hengyang_112.656597_26.869733,moderate,0.52837007041605621,55638.742517106308
Hengyang,Transitional,Hengyang_112.654351_26.889945,Hengyang_112.634139_26.912403,moderate,0.34904605550132578,55617.753365437013
Hengyang,Transitional,Hengyang_112.524095_26.894437,Hengyang_112.645368_26.925878,primary,0.45943442409106239,55615.542186498271
Hengyang,Transitional,Hengyang_112.524095_26.903420,Hengyang_112.634139_26.916895,primary,0.21698962743933201,55611.118802999525
Hengyang,Transitional,Hengyang_112.555536_26.901174,Hengyang_112.533079_26.907911,primary,1.0397934461727303,55612.224777043753
Hengyang,Transitional,Hengyang_112.566765_26.885454,Hengyang_112.553291_26.892191,primary,0.3757344046686199,55619.964202678631
Hengyang,Transitional,Hengyang_112.575749_26.968548,Hengyang_112.573503_26.955073,primary,0.6012585291359045,55579.008398341073
Hengyang,Transitional,Hengyang_112.598206_26.943844,Hengyang_112.593715_26.955073,primary,0.49189439829456894,55591.196662806171
Hengyang,Transitional,Hengyang_112.627402_26.957319,Hengyang_112.607190_26.964056,primary,0.24640300109260688,55584.549799537315
Hengyang,Transitional,Hengyang_112.638631_26.979777,Hengyang_112.609435_26.948336,primary,0.42116585617778174,55573.464862354755
Hengyang,Transitional,Hengyang_112.640876_26.847275,Hengyang_112.645368_26.869733,primary,0.42869587289347788,55638.742517106308
Hengyang,Transitional,Hengyang_112.652105_26.876470,Hengyang_112.656597_26.871979,primary,0.54748936122316993,55624.384851628929
Hengyang,Transitional,Hengyang_112.535324_26.896683,Hengyang_112.519604_26.898928,upper,0.20041781684049395,55614.436468748965
Hengyang,Transitional,Hengyang_112.548799_26.912403,Hengyang_112.634139_26.923632,upper,0.19447570402142109,55606.694052800623
Hengyang,Transitional,Hengyang_112.560028_26.878716,Hengyang_112.649860_26.871979,upper,0.45443769801746114,55623.279817627132
Hengyang,Transitional,Hengyang_112.584732_26.939352,Hengyang_112.586977_26.946090,upper,0.41408386839764594,55593.411600589861
Hengyang,Transitional,Hengyang_112.586977_26.928124,Hengyang_112.528587_26.912403,upper,0.39027389745681951,55598.947450466425
Hengyang,Transitional,Hengyang_112.591469_26.952827,Hengyang_112.631893_26.950581,upper,0.33805317195071971,55586.765762147421
Hengyang,Transitional,Hengyang_112.609435_26.880962,Hengyang_112.643122_26.892191,upper,0.49243859294168418,55622.174698046503
Hengyang,Transitional,Hengyang_112.616173_26.937107,Hengyang_112.620664_26.948336,upper,0.27170248923498752,55594.518941334245
Hengyang,Transitional,Hengyang_112.629647_26.964056,Hengyang_112.620664_26.950581,upper,0.22904933469802877,55581.225214884864
Hengyang,Transitional,Hengyang_112.636385_26.937107,Hengyang_112.654351_26.867487,upper,0.78548485304021454,55594.518941422568
Huaihua,Mountainous,Huaihua_109.923473_27.550207,Huaihua_109.923473_27.545715,moderate,0.3967447221999193,55289.049482982322
Huaihua,Mountainous,Huaihua_109.930210_27.536732,Huaihua_109.925718_27.547961,moderate,0.90184010388935865,55295.831266008085
Huaihua,Mountainous,Huaihua_109.934702_27.534486,Huaihua_109.932456_27.536732,moderate,0.29220259670936644,55296.961265978804
Huaihua,Mountainous,Huaihua_109.943685_27.523257,Huaihua_109.932456_27.536732,moderate,0.60964257329334026,55302.609990804885
Huaihua,Mountainous,Huaihua_109.943685_27.541224,Huaihua_109.945931_27.532241,moderate,0.76024955296245245,55293.571011538072
Huaihua,Mountainous,Huaihua_109.945931_27.523257,Huaihua_109.932456_27.536732,moderate,0.74641988460257658,55302.609990804885
Huaihua,Mountainous,Huaihua_109.948176_27.536732,Huaihua_109.945931_27.532241,moderate,0.90659148170551052,55295.831266008085
Huaihua,Mountainous,Huaihua_109.959405_27.547961,Huaihua_109.948176_27.543470,moderate,0.24656098692507208,55290.179992628422
Huaihua,Mountainous,Huaihua_109.977372_27.577156,Huaihua_109.927964_27.543470,moderate,0.46308375382513117,55275.476743038744
Huaihua,Mountainous,Huaihua_109.999829_27.556944,Huaihua_109.907752_27.545715,moderate,1.7536632275301318,55285.657444633573
Huaihua,Mountainous,Huaihua_109.918981_27.547961,Huaihua_109.921227_27.543470,primary,0.74034324842554755,55290.179992540106
Huaihua,Mountainous,Huaihua_109.921227_27.547961,Huaihua_109.927964_27.554698,primary,0.39877110372622715,55290.179992540106
Huaihua,Mountainous,Huaihua_109.941439_27.525503,Huaihua_109.905506_27.545715,primary,1.3829186055386116,55301.480415813894
Huaihua,Mountainous,Huaihua_109.943685_27.523257,Huaihua_109.948176_27.521012,primary,0.41406500139682445,55302.609990804885
Huaihua,Mountainous,Huaihua_109.943685_27.543470,Huaihua_109.936947_27.525503,primary,0.65999568178884227,55292.440756773824
Huaihua,Mountainous,Huaihua_109.945931_27.536732,Huaihua_109.927964_27.523257,primary,0.75173182759655666,55295.831266008085
Huaihua,Mountainous,Huaihua_109.959405_27.550207,Huaihua_109.927964_27.521012,primary,0.90419701224711124,55289.049482894006
Huaihua,Mountainous,Huaihua_109.963897_27.529995,Huaihua_109.936947_27.525503,primary,0.6737918322856874,55299.221010685105
Huaihua,Mountainous,Huaihua_109.972880_27.577156,Huaihua_109.970634_27.581648,primary,0.30423394245617874,55275.476743038744
Huaihua,Mountainous,Huaihua_109.999829_27.552453,Huaihua_109.927964_27.518766,primary,0.9348754283493752,55287.9188883756
Huaihua,Mountainous,Huaihua_109.905506_27.550207,Huaihua_109.918981_27.525503,upper,1.2042069096426058,55289.049482894006
Huaihua,Mountainous,Huaihua_109.912244_27.550207,Huaihua_109.925718_27.547961,upper,1.4284023077925405,55289.049482894006
Huaihua,Mountainous,Huaihua_109.914489_27.547961,Huaihua_109.927964_27.545715,upper,1.0058059701298045,55290.179992628422
Huaihua,Mountainous,Huaihua_109.916735_27.545715,Huaihua_109.970634_27.581648,upper,0.96055927844270805,55291.310417048961
Huaihua,Mountainous,Huaihua_109.927964_27.527749,Huaihua_109.925718_27.523257,upper,0.84807366324852018,55300.350755862288
Huaihua,Mountainous,Huaihua_109.934702_27.523257,Huaihua_109.948176_27.568173,upper,2.525833831876561,55302.609990804885
Huaihua,Mountainous,Huaihua_109.934702_27.527749,Huaihua_109.927964_27.518766,upper,0.32579168709916034,55300.350755773972
Huaihua,Mountainous,Huaihua_109.934702_27.534486,Huaihua_109.979617_27.574911,upper,0.50440027541356713,55296.961265978804
Huaihua,Mountainous,Huaihua_109.957159_27.550207,Huaihua_109.921227_27.543470,upper,1.4364751316837259,55289.049482894006
Huaihua,Mountainous,Huaihua_109.997584_27.554698,Huaihua_109.927964_27.545715,upper,1.7659089343263366,55286.788209073216
Huanggang,Hilly,Huanggang_114.830520_30.427062,Huanggang_114.828274_30.427062,moderate,0.22050774428501441,53771.740725178061
Huanggang,Hilly,Huanggang_114.832766_30.409095,Huanggang_114.882173_30.485452,moderate,1.0057760767658701,53781.641236812604
Huanggang,Hilly,Huanggang_114.879927_30.489944,Huanggang_114.846240_30.460748,moderate,0.54080916608964047,53737.047303401305
Huanggang,Hilly,Huanggang_114.893402_30.449519,Huanggang_114.868698_30.436045,moderate,0.5079888170648954,53759.35765034442
Huanggang,Hilly,Huanggang_114.897894_30.424816,Huanggang_114.902385_30.427062,moderate,0.28831889502673208,53772.978578236936
Huanggang,Hilly,Huanggang_114.902385_30.462994,Huanggang_114.918106_30.478715,moderate,0.88596532902276992,53751.923840768497
Huanggang,Hilly,Huanggang_114.906877_30.460748,Huanggang_114.924843_30.480960,moderate,0.67074979613101149,53753.163015574355
Huanggang,Hilly,Huanggang_114.906877_30.469732,Huanggang_114.913614_30.462994,moderate,0.76519317342343729,53748.205821247771
Huanggang,Hilly,Huanggang_114.909122_30.462994,Huanggang_114.873190_30.474223,moderate,0.54297576694208272,53751.923840768497
Huanggang,Hilly,Huanggang_114.929335_30.489944,Huanggang_114.936072_30.494435,moderate,0.27692465960726687,53737.047303224666
Huanggang,Hilly,Huanggang_114.861961_30.460748,Huanggang_114.830520_30.422570,primary,0.64345656221877756,53753.163015574355
Huanggang,Hilly,Huanggang_114.864207_30.442782,Huanggang_114.830520_30.422570,primary,0.62756473825242609,53763.073440046355
Huanggang,Hilly,Huanggang_114.870944_30.447274,Huanggang_114.929335_30.492189,primary,1.470234511730891,53760.596329517241
Huanggang,Hilly,Huanggang_114.873190_30.438291,Huanggang_114.893402_30.445028,primary,0.96019884047808401,53765.550220094563
Huanggang,Hilly,Huanggang_114.886665_30.483206,Huanggang_114.875436_30.487698,primary,0.41865072297327705,53740.767552387544
Huanggang,Hilly,Huanggang_114.902385_30.478715,Huanggang_114.870944_30.480960,primary,0.43434947918541289,53743.247305704106
Huanggang,Hilly,Huanggang_114.904631_30.465240,Huanggang_114.927089_30.480960,primary,1.1457301228600159,53750.684583474882
Huanggang,Hilly,Huanggang_114.918106_30.465240,Huanggang_114.895648_30.433799,primary,0.46722899589325578,53750.684583474882
Huanggang,Hilly,Huanggang_114.938318_30.494435,Huanggang_114.936072_30.494435,primary,0.2161079500699343,53734.566724500699
Huanggang,Hilly,Huanggang_114.938318_30.496681,Huanggang_114.949547_30.494435,primary,0.56697144602149585,53733.326311318764
Huanggang,Hilly,Huanggang_114.852978_30.415833,Huanggang_114.848486_30.454011,upper,1.1094774470787434,53777.929164711742
Huanggang,Hilly,Huanggang_114.875436_30.433799,Huanggang_114.893402_30.445028,upper,0.9498835524367496,53768.026670015141
Huanggang,Hilly,Huanggang_114.886665_30.440536,Huanggang_114.873190_30.487698,upper,0.64160540094290774,53764.31187140265
Huanggang,Hilly,Huanggang_114.895648_30.431553,Huanggang_114.852978_30.447274,upper,0.47416236428819886,53769.264771067166
Huanggang,Hilly,Huanggang_114.900139_30.440536,Huanggang_114.897894_30.485452,upper,0.69111066867167081,53764.31187140265
Huanggang,Hilly,Huanggang_114.900139_30.469732,Huanggang_114.891156_30.447274,upper,0.96214749505144181,53748.205821247771
Huanggang,Hilly,Huanggang_114.913614_30.460748,Huanggang_114.933826_30.496681,upper,0.43079920017054207,53753.163015574355
Huanggang,Hilly,Huanggang_114.915860_30.483206,Huanggang_114.875436_30.478715,upper,0.43414560413166453,53740.767552387544
Huanggang,Hilly,Huanggang_114.922597_30.487698,Huanggang_114.954038_30.498927,upper,0.58255386337953241,53738.287469119976
Huanggang,Hilly,Huanggang_114.940563_30.489944,Huanggang_114.954038_30.498927,upper,0.56201864898867404,53737.047303224666
Huangshi,Mountainous,Huangshi_114.922597_30.144092,Huangshi_114.942809_30.150830,moderate,0.45185677456847584,53927.059013604085
Huangshi,Mountainous,Huangshi_114.951792_30.119389,Huangshi_114.949547_30.114897,moderate,0.18564952638735929,53940.55617295322
Huangshi,Mountainous,Huangshi_114.956284_30.096931,Huangshi_114.949547_30.078964,moderate,0.6016437590680791,53952.817616329776
Huangshi,Mountainous,Huangshi_114.972005_30.119389,Huangshi_114.945055_30.121634,moderate,0.64557044519256956,53940.55617295322
Huangshi,Mountainous,Huangshi_114.980988_30.146338,Huangshi_114.978742_30.144092,moderate,0.27352493169540998,53925.83150189506
Huangshi,Mountainous,Huangshi_114.994462_30.195745,Huangshi_114.985479_30.189008,moderate,0.36223807304314842,53898.805288874995
Huangshi,Mountainous,Huangshi_115.012429_30.195745,Huangshi_114.989971_30.189008,moderate,0.18504387649735762,53898.805288698357
Huangshi,Mountainous,Huangshi_115.019166_30.213712,Huangshi_115.021412_30.227186,moderate,0.33801810405683047,53888.967636792913
Huangshi,Mountainous,Huangshi_115.048361_30.184516,Huangshi_115.086540_30.200237,moderate,0.34600263920215441,53904.95113010885
Huangshi,Mountainous,Huangshi_115.097769_30.209220,Huangshi_115.014675_30.189008,moderate,0.91307721667227359,53891.42754659459
Huangshi,Mountainous,Huangshi_114.922597_30.076719,Huangshi_114.911368_30.045278,primary,0.66246366815058566,53963.84582825777
Huangshi,Mountainous,Huangshi_114.933826_30.164304,Huangshi_114.942809_30.155321,primary,0.25341852739963905,53916.008426829379
Huangshi,Mountainous,Huangshi_114.942809_30.135109,Huangshi_114.940563_30.144092,primary,0.20239571333974751,53931.968231676743
Huangshi,Mountainous,Huangshi_114.954038_30.112651,Huangshi_114.951792_30.083456,primary,0.40645675999530656,53944.235476220791
Huangshi,Mountainous,Huangshi_114.954038_30.162059,Huangshi_114.940563_30.153075,primary,0.28231901634051937,53917.236600913282
Huangshi,Mountainous,Huangshi_114.960776_30.114897,Huangshi_114.956284_30.144092,primary,0.44533315339774993,53943.009124462653
Huangshi,Mountainous,Huangshi_115.003446_30.202483,Huangshi_115.003446_30.184516,primary,0.46104381243456172,53895.116790254426
Huangshi,Mountainous,Huangshi_115.021412_30.249644,Huangshi_115.001200_30.168796,primary,0.55259283823476224,53869.276437751309
Huangshi,Mountainous,Huangshi_115.028149_30.265365,Huangshi_115.016920_30.263119,primary,0.3233837191043914,53860.654875032611
Huangshi,Mountainous,Huangshi_115.138193_30.218203,Huangshi_115.131455_30.227186,primary,0.34501603059144087,53886.507395803797
Huangshi,Mountainous,Huangshi_114.940563_30.063244,Huangshi_114.965267_30.076719,upper,0.44024815789586325,53971.194238635653
Huangshi,Mountainous,Huangshi_114.942809_30.135109,Huangshi_114.945055_30.141846,upper,0.2538545740800886,53931.968231676743
Huangshi,Mountainous,Huangshi_114.947301_30.072227,Huangshi_114.918106_30.049769,upper,0.54398373892315488,53966.295629865563
Huangshi,Mountainous,Huangshi_114.949547_30.155321,Huangshi_114.958530_30.162059,upper,0.15542365103952835,53920.920627002044
Huangshi,Mountainous,Huangshi_114.980988_30.103668,Huangshi_114.978742_30.144092,upper,0.51446329808461244,53949.140053606745
Huangshi,Mountainous,Huangshi_114.985479_30.099176,Huangshi_114.945055_30.087948,upper,0.18966515710024326,53951.591844988659
Huangshi,Mountainous,Huangshi_115.003446_30.193500,Huangshi_114.996708_30.206974,upper,0.55395861890940712,53900.034622733147
Huangshi,Mountainous,Huangshi_115.039378_30.251890,Huangshi_114.996708_30.157567,upper,0.654165872369871,53868.045033927512
Huangshi,Mountainous,Huangshi_115.041624_30.265365,Huangshi_114.978742_30.150830,upper,0.48764803483767505,53860.654875032611
Huangshi,Mountainous,Huangshi_115.176371_30.197991,Huangshi_115.126964_30.231678,upper,0.68005151432433852,53897.575871822555
Ji'an,Hilly,Ji'an_114.891156_27.024692,Ji'an_114.922597_27.058379,moderate,0.38289714943774616,55551.269375631142
Ji'an,Hilly,Ji'an_114.920351_27.020201,Ji'an_114.906877_27.051642,moderate,0.4085736758589133,55553.4904607836
Ji'an,Hilly,Ji'an_114.922597_27.031430,Ji'an_114.989971_27.150457,moderate,0.55319306517331945,55547.93710769507
Ji'an,Hilly,Ji'an_114.929335_27.024692,Ji'an_114.897894_27.024692,moderate,0.35904386028219765,55551.269375631142
Ji'an,Hilly,Ji'an_114.960776_27.125753,Ji'an_114.936072_27.069608,moderate,0.36298451145075927,55501.204731701757
Ji'an,Hilly,Ji'an_115.005691_27.103295,Ji'an_115.003446_27.148211,moderate,0.36081914016227612,55512.345135714939
Ji'an,Hilly,Ji'an_115.016920_27.119016,Ji'an_114.963021_27.105541,moderate,0.56732954478647224,55504.54774839239
Ji'an,Hilly,Ji'an_115.032641_27.078591,Ji'an_115.021412_27.065117,moderate,0.45649800624800052,55524.589729599378
Ji'an,Hilly,Ji'an_115.055099_27.076346,Ji'an_115.050607_27.071854,moderate,0.44170346878612093,55525.702362719036
Ji'an,Hilly,Ji'an_115.129210_27.229059,Ji'an_115.126964_27.233551,moderate,0.49199954873710366,55449.849071975972
Ji'an,Hilly,Ji'an_114.906877_27.042659,Ji'an_114.906877_27.049396,primary,0.39856016606794231,55542.381621406174
Ji'an,Hilly,Ji'an_114.924843_27.017955,Ji'an_114.895648_27.013463,primary,0.3963806885233353,55554.600875212367
Ji'an,Hilly,Ji'an_114.924843_27.035921,Ji'an_114.936072_27.024692,primary,0.31562039230716055,55545.715169227144
Ji'an,Hilly,Ji'an_114.965267_27.125753,Ji'an_114.929335_27.038167,primary,0.24425889938565651,55501.204731701757
Ji'an,Hilly,Ji'an_114.972005_27.103295,Ji'an_114.931580_27.042659,primary,1.147533181963134,55512.345135803254
Ji'an,Hilly,Ji'an_114.989971_27.145965,Ji'an_115.003446_27.078591,primary,0.31024479677772593,55491.171077417937
Ji'an,Hilly,Ji'an_114.992217_27.121261,Ji'an_114.924843_27.042659,primary,0.45892665059215737,55503.433494662204
Ji'an,Hilly,Ji'an_115.007937_27.103295,Ji'an_114.992217_27.143719,primary,0.60691252099891146,55512.345135714939
Ji'an,Hilly,Ji'an_115.016920_27.114524,Ji'an_115.021412_27.094312,primary,0.57335943209157703,55506.775999646161
Ji'an,Hilly,Ji'an_115.144930_27.204355,Ji'an_115.142684_27.233551,primary,1.3447588411158053,55462.146178675706
Ji'an,Hilly,Ji'an_114.895648_27.033676,Ji'an_114.978742_27.136982,upper,0.49557786261648817,55546.826181118049
Ji'an,Hilly,Ji'an_114.904631_27.049396,Ji'an_114.891156_27.044905,upper,0.31552725129261983,55539.047305318658
Ji'an,Hilly,Ji'an_114.906877_27.033676,Ji'an_114.895648_27.015709,upper,0.26416402026633523,55546.826181118049
Ji'an,Hilly,Ji'an_114.915860_27.020201,Ji'an_114.920351_27.020201,upper,0.25910037552205178,55553.490460695284
Ji'an,Hilly,Ji'an_114.920351_27.026938,Ji'an_114.897894_27.013463,upper,0.59294905158401279,55550.158704995774
Ji'an,Hilly,Ji'an_114.929335_27.049396,Ji'an_114.922597_27.060625,upper,0.21223466191317455,55539.047305406973
Ji'an,Hilly,Ji'an_114.980988_27.080837,Ji'an_114.922597_27.044905,upper,0.43003240347834559,55523.477011254159
Ji'an,Hilly,Ji'an_115.003446_27.087574,Ji'an_114.994462_27.083083,upper,0.22787543735716054,55520.138344246872
Ji'an,Hilly,Ji'an_115.014675_27.076346,Ji'an_115.016920_27.080837,upper,0.31391612828459514,55525.702362807351
Ji'an,Hilly,Ji'an_115.122472_27.199864,Ji'an_115.037132_27.069608,upper,1.71733123800128,55464.380908662308
Jingdezhen,Hilly,Jingdezhen_117.127961_29.286201,Jingdezhen_117.134699_29.306413,moderate,0.53155540420998593,54389.890230594385
Jingdezhen,Hilly,Jingdezhen_117.141436_29.326625,Jingdezhen_117.134699_29.319888,moderate,0.27643872145437792,54368.354372276604
Jingdezhen,Hilly,Jingdezhen_117.143682_29.324380,Jingdezhen_117.136944_29.317642,moderate,0.19303631159952603,54369.551518866618
Jingdezhen,Hilly,Jingdezhen_117.145928_29.335608,Jingdezhen_117.145928_29.331117,moderate,0.17129359508286474,54363.564950441047
Jingdezhen,Hilly,Jingdezhen_117.152665_29.268235,Jingdezhen_117.166140_29.324380,moderate,0.27749365373802115,54399.453033312326
Jingdezhen,Hilly,Jingdezhen_117.163894_29.295184,Jingdezhen_117.127961_29.295184,moderate,0.3653580947167267,54385.106823652604
Jingdezhen,Hilly,Jingdezhen_117.168385_29.319888,Jingdezhen_117.175123_29.319888,moderate,0.18810143804075036,54371.945561668945
Jingdezhen,Hilly,Jingdezhen_117.177369_29.297430,Jingdezhen_117.179614_29.290693,moderate,0.32055891668453379,54383.910763004125
Jingdezhen,Hilly,Jingdezhen_117.177369_29.324380,Jingdezhen_117.177369_29.288447,moderate,0.40806585415247809,54369.551518866618
Jingdezhen,Hilly,Jingdezhen_117.184106_29.295184,Jingdezhen_117.260463_29.317642,moderate,0.66919534047990448,54385.106823652604
Jingdezhen,Hilly,Jingdezhen_117.132453_29.331117,Jingdezhen_117.175123_29.319888,primary,0.38993261557959041,54365.959828100662
Jingdezhen,Hilly,Jingdezhen_117.141436_29.236794,Jingdezhen_117.145928_29.239040,primary,0.16667094183072342,54416.175066755954
Jingdezhen,Hilly,Jingdezhen_117.145928_29.254760,Jingdezhen_117.145928_29.239040,primary,0.31902828509803971,54406.621625249674
Jingdezhen,Hilly,Jingdezhen_117.159402_29.261497,Jingdezhen_117.148173_29.241285,primary,0.33656792317478729,54403.037705465773
Jingdezhen,Hilly,Jingdezhen_117.163894_29.265989,Jingdezhen_117.177369_29.250269,primary,0.45242316692604234,54400.648007489377
Jingdezhen,Hilly,Jingdezhen_117.175123_29.324380,Jingdezhen_117.175123_29.315396,primary,0.26145576846138574,54369.551518778302
Jingdezhen,Hilly,Jingdezhen_117.186352_29.261497,Jingdezhen_117.150419_29.239040,primary,0.62384992198573974,54403.037705465773
Jingdezhen,Hilly,Jingdezhen_117.224530_29.317642,Jingdezhen_117.179614_29.290693,primary,0.70817312914442687,54373.14245770462
Jingdezhen,Hilly,Jingdezhen_117.249234_29.290693,Jingdezhen_117.152665_29.308659,primary,1.2544128052887178,54387.498694130278
Jingdezhen,Hilly,Jingdezhen_117.276183_29.310905,Jingdezhen_117.276183_29.308659,primary,0.21564126562755098,54376.732644702977
Jingdezhen,Hilly,Jingdezhen_117.143682_29.301922,Jingdezhen_117.132453_29.304167,upper,0.2904230267445374,54381.518391064506
Jingdezhen,Hilly,Jingdezhen_117.150419_29.317642,Jingdezhen_117.154911_29.322134,upper,0.31266776645955274,54373.14245770462
Jingdezhen,Hilly,Jingdezhen_117.163894_29.261497,Jingdezhen_117.157156_29.322134,upper,0.57157152582525139,54403.037705465773
Jingdezhen,Hilly,Jingdezhen_117.175123_29.290693,Jingdezhen_117.177369_29.299676,upper,0.25409612361523359,54387.498694130278
Jingdezhen,Hilly,Jingdezhen_117.229022_29.322134,Jingdezhen_117.229022_29.313151,upper,0.23024205749826462,54370.74858190908
Jingdezhen,Hilly,Jingdezhen_117.231267_29.319888,Jingdezhen_117.181860_29.310905,upper,0.54719636699981766,54371.945561580629
Jingdezhen,Hilly,Jingdezhen_117.238005_29.319888,Jingdezhen_117.226776_29.306413,upper,0.35886461862157687,54371.945561580629
Jingdezhen,Hilly,Jingdezhen_117.251480_29.317642,Jingdezhen_117.242496_29.315396,upper,0.53393879319568716,54373.142457616304
Jingdezhen,Hilly,Jingdezhen_117.260463_29.326625,Jingdezhen_117.264954_29.324380,upper,0.38177716061606332,54368.354372276604
Jingdezhen,Hilly,Jingdezhen_117.282921_29.310905,Jingdezhen_117.282921_29.317642,upper,0.14683593717630861,54376.732644614662
Jingmen,Transitional,Jingmen_112.178244_31.015458,Jingmen_112.180490_31.017704,moderate,0.69376202102010021,53444.582675194761
Jingmen,Transitional,Jingmen_112.180490_30.925627,Jingmen_112.202948_30.959313,moderate,0.87027802254935027,53494.895898435716
Jingmen,Transitional,Jingmen_112.184981_30.981771,Jingmen_112.193965_30.948084,moderate,0.77960416358310269,53463.465536135212
Jingmen,Transitional,Jingmen_112.187227_30.968297,Jingmen_112.205193_30.984017,moderate,0.15015714750057321,53471.013506109506
Jingmen,Transitional,Jingmen_112.187227_30.977280,Jingmen_112.202948_31.006475,moderate,0.46796805443275069,53465.981854664584
Jingmen,Transitional,Jingmen_112.189473_30.954822,Jingmen_112.180490_30.943593,moderate,0.24970292649803352,53478.558518712452
Jingmen,Transitional,Jingmen_112.193965_31.006475,Jingmen_112.180490_31.017704,moderate,0.85478944177954408,53449.619911431386
Jingmen,Transitional,Jingmen_112.198456_30.979525,Jingmen_112.180490_30.927872,moderate,0.51194626386986108,53464.723736290507
Jingmen,Transitional,Jingmen_112.205193_30.972788,Jingmen_112.205193_30.966051,moderate,0.17097320213815312,53468.49784465602
Jingmen,Transitional,Jingmen_112.209685_30.939101,Jingmen_112.173752_30.932364,moderate,0.32070731431219007,53487.357294972084
Jingmen,Transitional,Jingmen_112.173752_30.975034,Jingmen_112.205193_30.984017,primary,0.26887273597981232,53467.239890727542
Jingmen,Transitional,Jingmen_112.196210_31.015458,Jingmen_112.200702_31.010967,primary,0.52496754051791894,53444.582675194761
Jingmen,Transitional,Jingmen_112.198456_30.975034,Jingmen_112.205193_30.963805,primary,0.44422682134985847,53467.239890727542
Jingmen,Transitional,Jingmen_112.198456_31.010967,Jingmen_112.209685_31.015458,primary,0.24371896188656286,53447.101457405413
Jingmen,Transitional,Jingmen_112.200702_30.966051,Jingmen_112.205193_30.966051,primary,0.39922707647332895,53472.271213634529
Jingmen,Transitional,Jingmen_112.209685_30.977280,Jingmen_112.191719_30.954822,primary,0.2847820928197084,53465.981854664584
Jingmen,Transitional,Jingmen_112.209685_31.067111,Jingmen_112.218668_31.060374,primary,0.32421701347485044,53415.593074939628
Jingmen,Transitional,Jingmen_112.211931_31.060374,Jingmen_112.238880_31.051391,primary,0.5948043968797404,53419.376789683818
Jingmen,Transitional,Jingmen_112.214177_30.979525,Jingmen_112.202948_31.006475,primary,0.53062299933972057,53464.723736467145
Jingmen,Transitional,Jingmen_112.229897_31.017704,Jingmen_112.243372_31.051391,primary,0.78528601687015864,53443.32316088771
Jingmen,Transitional,Jingmen_112.164769_30.979525,Jingmen_112.175998_30.986263,upper,0.38637795782205242,53464.723736467145
Jingmen,Transitional,Jingmen_112.175998_30.984017,Jingmen_112.178244_30.966051,upper,0.39028091934748527,53462.207253668799
Jingmen,Transitional,Jingmen_112.187227_30.939101,Jingmen_112.184981_30.943593,upper,0.35307043354642315,53487.357294972084
Jingmen,Transitional,Jingmen_112.189473_31.001983,Jingmen_112.200702_31.010967,upper,0.29514964501244573,53452.138036742785
Jingmen,Transitional,Jingmen_112.193965_30.941347,Jingmen_112.180490_30.930118,upper,0.14675500789925683,53486.100573414144
Jingmen,Transitional,Jingmen_112.193965_31.019950,Jingmen_112.175998_30.970542,upper,0.71882149457856415,53442.063564269542
Jingmen,Transitional,Jingmen_112.205193_30.981771,Jingmen_112.193965_30.963805,upper,0.34578117631788052,53463.465535958581
Jingmen,Transitional,Jingmen_112.205193_31.071603,Jingmen_112.214177_31.071603,upper,0.5132402144511311,53413.070188124344
Jingmen,Transitional,Jingmen_112.209685_31.078340,Jingmen_112.207439_30.966051,upper,0.92572099643206718,53409.285242599319
Jingmen,Transitional,Jingmen_112.216422_31.062620,Jingmen_112.216422_31.071603,upper,0.55002426040260999,53418.11563357024
Jingzhou,Flat,Jingzhou_112.220914_30.364179,Jingzhou_112.207439_30.328247,moderate,0.28825876516994753,53806.369378702911
Jingzhou,Flat,Jingzhou_112.225406_30.319264,Jingzhou_112.220914_30.292314,moderate,0.32198567676866102,53831.064453602929
Jingzhou,Flat,Jingzhou_112.286042_30.350705,Jingzhou_112.279304_30.357442,moderate,0.17759288188201566,53813.781373712955
Jingzhou,Flat,Jingzhou_112.290533_30.326001,Jingzhou_112.200702_30.321510,moderate,1.1147904635711048,53827.362301228233
Jingzhou,Flat,Jingzhou_112.297271_30.319264,Jingzhou_112.306254_30.317018,moderate,0.22858301157328548,53831.064453602929
Jingzhou,Flat,Jingzhou_112.299517_30.296806,Jingzhou_112.288288_30.323755,moderate,0.32165821610047218,53843.399586802778
Jingzhou,Flat,Jingzhou_112.312991_30.317018,Jingzhou_112.299517_30.323755,moderate,0.23720203172499674,53832.29833930124
Jingzhou,Flat,Jingzhou_112.315237_30.283331,Jingzhou_112.274813_30.346213,moderate,0.36711140003500492,53850.796695864781
Jingzhou,Flat,Jingzhou_112.328712_30.314772,Jingzhou_112.319729_30.290068,moderate,0.22384619581395598,53833.532141981901
Jingzhou,Flat,Jingzhou_112.337695_30.299052,Jingzhou_112.310746_30.276594,moderate,0.48164343209240279,53842.166445790463
Jingzhou,Flat,Jingzhou_112.158032_30.317018,Jingzhou_112.155786_30.328247,primary,0.30537357189957642,53832.298339477871
Jingzhou,Flat,Jingzhou_112.211931_30.281085,Jingzhou_112.200702_30.323755,primary,0.35386510999869819,53852.02925804977
Jingzhou,Flat,Jingzhou_112.227651_30.296806,Jingzhou_112.252355_30.283331,primary,0.82229486706657429,53843.399586802778
Jingzhou,Flat,Jingzhou_112.229897_30.287823,Jingzhou_112.333203_30.305789,primary,0.55500097332395393,53848.331323854916
Jingzhou,Flat,Jingzhou_112.241126_30.290068,Jingzhou_112.229897_30.294560,primary,0.44275966275828682,53847.098513676778
Jingzhou,Flat,Jingzhou_112.274813_30.352951,Jingzhou_112.297271_30.321510,primary,0.35062060641010218,53812.54624787224
Jingzhou,Flat,Jingzhou_112.304008_30.294560,Jingzhou_112.301762_30.296806,primary,0.53257592836783385,53844.632645150705
Jingzhou,Flat,Jingzhou_112.315237_30.292314,Jingzhou_112.306254_30.308035,primary,0.10272541946690772,53845.865620834251
Jingzhou,Flat,Jingzhou_112.317483_30.308035,Jingzhou_112.304008_30.314772,primary,0.14554620835494092,53837.233054390832
Jingzhou,Flat,Jingzhou_112.328712_30.314772,Jingzhou_112.297271_30.326001,primary,0.22794955710339163,53833.532141981901
Jingzhou,Flat,Jingzhou_112.155786_30.334984,Jingzhou_112.191719_30.375408,upper,0.30819371740489476,53822.424939818535
Jingzhou,Flat,Jingzhou_112.200702_30.382146,Jingzhou_112.189473_30.379900,upper,0.23582712170300738,53796.482088954086
Jingzhou,Flat,Jingzhou_112.205193_30.373163,Jingzhou_112.162523_30.321510,upper,0.26184240397483521,53801.426394878625
Jingzhou,Flat,Jingzhou_112.218668_30.287823,Jingzhou_112.218668_30.285577,upper,0.34105320752921092,53848.331323854916
Jingzhou,Flat,Jingzhou_112.234389_30.292314,Jingzhou_112.229897_30.292314,upper,0.67812951233802399,53845.865620834251
Jingzhou,Flat,Jingzhou_112.256847_30.343967,Jingzhou_112.265830_30.343967,upper,0.1543386427375141,53817.486255072152
Jingzhou,Flat,Jingzhou_112.297271_30.303543,Jingzhou_112.304008_30.314772,upper,0.25584828516141361,53839.699915419413
Jingzhou,Flat,Jingzhou_112.304008_30.274348,Jingzhou_112.229897_30.292314,upper,0.48382134183586156,53855.726447558627
Jingzhou,Flat,Jingzhou_112.304008_30.299052,Jingzhou_112.317483_30.290068,upper,0.36992563037993359,53842.166445967094
Jingzhou,Flat,Jingzhou_112.326466_30.310281,Jingzhou_112.328712_30.294560,upper,0.28769722984350815,53835.99949952669
Jiujiang,Flat,Jiujiang_115.881549_29.609595,Jiujiang_115.899515_29.596120,moderate,0.47459903860854885,54216.846188316405
Jiujiang,Flat,Jiujiang_115.908498_29.614086,Jiujiang_115.921973_29.611840,moderate,0.39957847682340114,54214.430624777699
Jiujiang,Flat,Jiujiang_115.955660_29.647773,Jiujiang_115.955660_29.645527,moderate,0.29481670071179483,54196.303279396605
Jiujiang,Flat,Jiujiang_115.955660_29.706164,Jiujiang_115.937693_29.710655,moderate,0.37868856412872276,54164.83817067639
Jiujiang,Flat,Jiujiang_115.957906_29.676968,Jiujiang_115.971380_29.672477,moderate,0.50085286714872079,54180.577758927793
Jiujiang,Flat,Jiujiang_115.987101_29.748834,Jiujiang_115.980363_29.748834,moderate,0.16959915728079328,54141.808860580808
Jiujiang,Flat,Jiujiang_116.020788_29.706164,Jiujiang_116.011804_29.685951,moderate,0.28407107992934794,54164.838170588075
Jiujiang,Flat,Jiujiang_116.020788_29.719638,Jiujiang_116.032017_29.724130,moderate,0.19771298115488584,54157.569001794749
Jiujiang,Flat,Jiujiang_116.029771_29.733113,Jiujiang_116.027525_29.735359,moderate,0.23529294878611071,54150.296837477275
Jiujiang,Flat,Jiujiang_116.079178_29.751079,Jiujiang_116.097144_29.748834,moderate,0.21223320734044851,54140.595959625141
Jiujiang,Flat,Jiujiang_115.906252_29.607349,Jiujiang_115.883795_29.591628,primary,0.32100743563645601,54218.053845117705
Jiujiang,Flat,Jiujiang_115.948922_29.663494,Jiujiang_115.948922_29.661248,primary,0.38016041270751172,54187.837439686744
Jiujiang,Flat,Jiujiang_115.957906_29.701672,Jiujiang_115.904007_29.607349,primary,0.72275356235708266,54167.260561357114
Jiujiang,Flat,Jiujiang_115.969134_29.663494,Jiujiang_115.966889_29.685951,primary,0.51953540675269883,54187.837439598428
Jiujiang,Flat,Jiujiang_115.998330_29.663494,Jiujiang_115.926465_29.611840,primary,0.52070376338077085,54187.837439686744
Jiujiang,Flat,Jiujiang_115.998330_29.690443,Jiujiang_116.032017_29.701672,primary,0.56794966926180734,54173.315081496577
Jiujiang,Flat,Jiujiang_116.000576_29.703918,Jiujiang_116.029771_29.710655,primary,0.2835152825733448,54166.04940748142
Jiujiang,Flat,Jiujiang_116.029771_29.744342,Jiujiang_116.045491_29.728621,primary,0.56437012007116127,54144.234412732665
Jiujiang,Flat,Jiujiang_116.047737_29.724130,Jiujiang_116.034262_29.724130,primary,0.18993316759402873,54155.145280005469
Jiujiang,Flat,Jiujiang_116.085915_29.753325,Jiujiang_116.097144_29.748834,primary,0.082739330202027714,54139.382975651817
Jiujiang,Flat,Jiujiang_115.906252_29.623069,Jiujiang_115.910744_29.611840,upper,0.23951390845756115,54209.598498132429
Jiujiang,Flat,Jiujiang_115.908498_29.620824,Jiujiang_115.904007_29.607349,upper,0.6822148088759179,54210.80665471765
Jiujiang,Flat,Jiujiang_115.937693_29.706164,Jiujiang_116.081424_29.737605,upper,0.56488228760392734,54164.838170588075
Jiujiang,Flat,Jiujiang_115.955660_29.679214,Jiujiang_115.966889_29.683706,upper,0.36149305750725802,54179.367520719126
Jiujiang,Flat,Jiujiang_115.962397_29.703918,Jiujiang_116.027525_29.735359,upper,0.5383923687334633,54166.049407569735
Jiujiang,Flat,Jiujiang_115.998330_29.694935,Jiujiang_116.014050_29.699426,upper,0.26015336515551624,54170.893523023646
Jiujiang,Flat,Jiujiang_116.000576_29.672477,Jiujiang_115.973626_29.766800,upper,1.2425981806860757,54182.997985409005
Jiujiang,Flat,Jiujiang_116.007313_29.762308,Jiujiang_116.097144_29.748834,upper,0.28411856252904599,54134.530207639044
Jiujiang,Flat,Jiujiang_116.009559_29.694935,Jiujiang_115.951168_29.661248,upper,0.33047123666948508,54170.893523023646
Jiujiang,Flat,Jiujiang_116.081424_29.748834,Jiujiang_116.081424_29.737605,upper,0.51786198555577034,54141.808860492492
Loudi,Transitional,Loudi_111.946928_27.741099,Loudi_111.964894_27.723133,moderate,0.57947298857889962,55192.645878939809
Loudi,Transitional,Loudi_111.949174_27.759065,Loudi_111.964894_27.714149,moderate,0.95872621741473041,55183.541037796007
Loudi,Transitional,Loudi_111.951419_27.732116,Loudi_111.958157_27.734362,moderate,0.28547430182966071,55197.196264431142
Loudi,Transitional,Loudi_111.955911_27.743345,Loudi_111.967140_27.738853,moderate,0.81043247955367548,55191.508070629097
Loudi,Transitional,Loudi_111.967140_27.720887,Loudi_112.005318_27.765803,moderate,0.49691216233388419,55202.882338103678
Loudi,Transitional,Loudi_111.996335_27.714149,Loudi_111.967140_27.732116,moderate,1.6946727580572196,55206.29296472275
Loudi,Transitional,Loudi_111.998581_27.774786,Loudi_111.967140_27.768048,moderate,0.54420203677032652,55175.569850989275
Loudi,Transitional,Loudi_112.005318_27.707412,Loudi_112.012056_27.714149,moderate,0.82612672048954505,55209.702827932706
Loudi,Transitional,Loudi_112.014301_27.768048,Loudi_111.940190_27.729870,moderate,0.77036238428135806,55178.9865824968
Loudi,Transitional,Loudi_112.025530_27.745590,Loudi_112.032268_27.750082,moderate,0.49326353676815138,55190.370177357763
Loudi,Transitional,Loudi_111.955911_27.738853,Loudi_111.955911_27.743345,primary,0.17632141613969896,55193.783602554853
Loudi,Transitional,Loudi_111.955911_27.768048,Loudi_112.027776_27.750082,primary,0.93175249917544967,55178.9865824968
Loudi,Transitional,Loudi_111.967140_27.718641,Loudi_111.944682_27.736607,primary,0.59858420716259242,55204.019298397914
Loudi,Transitional,Loudi_111.978369_27.705166,Loudi_111.996335_27.696183,primary,0.4945344845186227,55210.839279346408
Loudi,Transitional,Loudi_111.982860_27.711904,Loudi_111.962648_27.732116,primary,0.58019757844465436,55207.429670576719
Loudi,Transitional,Loudi_111.987352_27.714149,Loudi_112.012056_27.714149,primary,0.4513430918584872,55206.29296472275
Loudi,Transitional,Loudi_111.994089_27.761311,Loudi_111.946928_27.741099,primary,0.61778750068437993,55182.40255130174
Loudi,Transitional,Loudi_112.003073_27.768048,Loudi_111.946928_27.741099,primary,0.63269719184563789,55178.9865824968
Loudi,Transitional,Loudi_112.003073_27.779277,Loudi_111.949174_27.759065,primary,0.89611406342044786,55173.291605976017
Loudi,Transitional,Loudi_112.009810_27.723133,Loudi_111.967140_27.725378,primary,0.83226107880689171,55201.745293113774
Loudi,Transitional,Loudi_111.971631_27.700675,Loudi_111.960403_27.723133,upper,0.59068309705901367,55213.111927733531
Loudi,Transitional,Loudi_111.973877_27.711904,Loudi_111.973877_27.716395,upper,0.38070950894632022,55207.429670665042
Loudi,Transitional,Loudi_111.985106_27.714149,Loudi_111.960403_27.723133,upper,0.6635667539395903,55206.292964634435
Loudi,Transitional,Loudi_111.994089_27.716395,Loudi_111.964894_27.723133,upper,0.62591110184761911,55205.156174084797
Loudi,Transitional,Loudi_112.009810_27.707412,Loudi_111.960403_27.723133,upper,0.80345172039491908,55209.702827932706
Loudi,Transitional,Loudi_112.012056_27.725378,Loudi_111.971631_27.716395,upper,0.76115966794804646,55200.608163163248
Loudi,Transitional,Loudi_112.012056_27.765803,Loudi_112.000827_27.763557,upper,0.47973607943222518,55180.125323696295
Loudi,Transitional,Loudi_112.023285_27.727624,Loudi_111.967140_27.725378,upper,0.59204625442258008,55199.470948252107
Loudi,Transitional,Loudi_112.030022_27.743345,Loudi_112.034514_27.752328,upper,0.2275320531045997,55191.508070540782
Loudi,Transitional,Loudi_112.043497_27.750082,Loudi_112.025530_27.750082,upper,0.47473969688193096,55188.094136816413
Nanchang,Flat,Nanchang_115.751293_28.666364,Nanchang_115.749047_28.670855,moderate,0.2365091163199127,54716.710056510063
Nanchang,Flat,Nanchang_115.832141_28.727000,Nanchang_115.805192_28.659626,moderate,0.23872859884916436,54685.020519637786
Nanchang,Flat,Nanchang_115.845616_28.762933,Nanchang_115.854599_28.783145,moderate,0.34290781456984964,54666.212631408278
Nanchang,Flat,Nanchang_115.850108_28.628185,Nanchang_115.960151_28.709034,moderate,0.23686710746270156,54736.631289956378
Nanchang,Flat,Nanchang_115.897269_28.616956,Nanchang_116.027525_28.686576,moderate,0.29890658531130043,54742.485851396479
Nanchang,Flat,Nanchang_115.933202_28.578778,Nanchang_115.951168_28.527125,moderate,0.24301308231545979,54762.375631662646
Nanchang,Flat,Nanchang_115.939939_28.742720,Nanchang_115.921973_28.738229,moderate,0.2936934913143523,54676.794714691889
Nanchang,Flat,Nanchang_115.951168_28.619202,Nanchang_115.957906_28.598990,moderate,0.1410584683634524,54741.315107334012
Nanchang,Flat,Nanchang_115.975872_28.655135,Nanchang_115.951168_28.545091,moderate,0.21365977459093155,54722.571765240042
Nanchang,Flat,Nanchang_116.005067_28.628185,Nanchang_116.011804_28.655135,moderate,0.090306242596767131,54736.631289956378
Nanchang,Flat,Nanchang_115.861337_28.610219,Nanchang_115.883795_28.614710,primary,0.21364394043601512,54745.997579030853
Nanchang,Flat,Nanchang_115.879303_28.767424,Nanchang_115.886040_28.767424,primary,0.21698366542026312,54663.860133288144
Nanchang,Flat,Nanchang_115.908498_28.753949,Nanchang_115.964643_28.756195,primary,0.33147047678088848,54670.91661933736
Nanchang,Flat,Nanchang_115.948922_28.625939,Nanchang_115.937693_28.569795,primary,0.20025750381622676,54737.802370416961
Nanchang,Flat,Nanchang_115.955660_28.621448,Nanchang_116.020788_28.661872,primary,0.15168283662831444,54740.144279282416
Nanchang,Flat,Nanchang_115.969134_28.704542,Nanchang_115.960151_28.706788,primary,0.14245708720490316,54696.764528566331
Nanchang,Flat,Nanchang_115.975872_28.616956,Nanchang_116.002821_28.682084,primary,0.28649964715358045,54742.485851396479
Nanchang,Flat,Nanchang_115.982609_28.666364,Nanchang_116.025279_28.702296,primary,0.38742189309087249,54716.710056598378
Nanchang,Flat,Nanchang_116.005067_28.700050,Nanchang_116.043246_28.702296,primary,0.16375174689300206,54699.11232179356
Nanchang,Flat,Nanchang_116.027525_28.628185,Nanchang_116.056720_28.711279,primary,0.23940973189033468,54736.631289956378
Nanchang,Flat,Nanchang_115.773751_28.657380,Nanchang_115.762522_28.666364,upper,0.27256953498477021,54721.39959159596
Nanchang,Flat,Nanchang_115.802946_28.664118,Nanchang_115.838879_28.729246,upper,0.77753733793208202,54717.882566552267
Nanchang,Flat,Nanchang_115.832141_28.684330,Nanchang_115.863582_28.758441,upper,0.22967075465394268,54707.326951503797
Nanchang,Flat,Nanchang_115.841125_28.765178,Nanchang_115.856845_28.789882,upper,0.33904132110828772,54665.036424342776
Nanchang,Flat,Nanchang_115.861337_28.776407,Nanchang_115.859091_28.765178,upper,0.38503215488801318,54659.154129708157
Nanchang,Flat,Nanchang_115.874811_28.632677,Nanchang_115.865828_28.720263,upper,0.39286817068442947,54734.288876626219
Nanchang,Flat,Nanchang_115.895023_28.727000,Nanchang_115.919727_28.735983,upper,0.17977785411109087,54685.020519637786
Nanchang,Flat,Nanchang_115.924219_28.558566,Nanchang_115.939939_28.518142,upper,0.43635581459704947,54772.895672057857
Nanchang,Flat,Nanchang_115.937693_28.542845,Nanchang_116.029771_28.682084,upper,0.90311035700288644,54781.073213367446
Nanchang,Flat,Nanchang_116.023033_28.673101,Nanchang_115.845616_28.596744,upper,0.24863809981078683,54713.192022536961
Pingxiang,Hilly,Pingxiang_113.739067_27.640038,Pingxiang_113.730084_27.615335,moderate,0.25657062807868186,55243.759465200077
Pingxiang,Hilly,Pingxiang_113.763770_27.649022,Pingxiang_113.792966_27.646776,moderate,0.28442154178617451,55239.222992583935
Pingxiang,Hilly,Pingxiang_113.840127_27.610843,Pingxiang_113.828898_27.604106,moderate,0.34353620486605541,55258.493621731424
Pingxiang,Hilly,Pingxiang_113.842373_27.608597,Pingxiang_113.871568_27.604106,moderate,0.33564128416298694,55259.626424166083
Pingxiang,Hilly,Pingxiang_113.869323_27.595123,Pingxiang_113.873814_27.601860,moderate,0.29023984311633017,55266.421455837502
Pingxiang,Hilly,Pingxiang_113.876060_27.590631,Pingxiang_113.885043_27.597368,moderate,0.27025958691020785,55268.68578718073
Pingxiang,Hilly,Pingxiang_113.882797_27.615335,Pingxiang_113.849110_27.617581,moderate,0.60597190131904666,55256.227762245202
Pingxiang,Hilly,Pingxiang_113.905255_27.628809,Pingxiang_113.896272_27.626564,moderate,0.40109937403426382,55249.428146144775
Pingxiang,Hilly,Pingxiang_113.909747_27.637793,Pingxiang_113.885043_27.599614,moderate,0.36765773514919065,55244.89337115128
Pingxiang,Hilly,Pingxiang_114.010807_27.628809,Pingxiang_113.977120_27.624318,moderate,0.39429677495372323,55249.428146144775
Pingxiang,Hilly,Pingxiang_113.822161_27.619826,Pingxiang_113.896272_27.637793,primary,0.33618329797961155,55253.961563004821
Pingxiang,Hilly,Pingxiang_113.828898_27.658005,Pingxiang_113.882797_27.613089,primary,0.85330509373056684,55234.685162187605
Pingxiang,Hilly,Pingxiang_113.833390_27.666988,Pingxiang_113.804195_27.653513,primary,0.463747041566347,55230.145974099418
Pingxiang,Hilly,Pingxiang_113.873814_27.631055,Pingxiang_113.889535_27.649022,primary,0.31406065347380635,55248.294579682777
Pingxiang,Hilly,Pingxiang_113.887289_27.619826,Pingxiang_113.903009_27.633301,primary,0.17739707331501461,55253.961563004821
Pingxiang,Hilly,Pingxiang_113.894026_27.658005,Pingxiang_113.806440_27.653513,primary,0.6048723837329768,55234.685162187605
Pingxiang,Hilly,Pingxiang_113.911992_27.653513,Pingxiang_113.909747_27.642284,primary,0.33997392052787084,55236.95424717453
Pingxiang,Hilly,Pingxiang_113.990595_27.622072,Pingxiang_113.997332_27.622072,primary,0.26065058822636705,55252.828336208659
Pingxiang,Hilly,Pingxiang_114.013053_27.619826,Pingxiang_114.010807_27.613089,primary,0.25983798293872895,55253.961563004821
Pingxiang,Hilly,Pingxiang_114.057969_27.644530,Pingxiang_114.053477_27.640038,primary,0.17826997764132113,55241.491398769082
Pingxiang,Hilly,Pingxiang_113.750296_27.644530,Pingxiang_113.732329_27.626564,upper,0.46798396438862283,55241.491398680766
Pingxiang,Hilly,Pingxiang_113.815424_27.655759,Pingxiang_113.815424_27.651267,upper,0.14767597033210572,55235.819747205533
Pingxiang,Hilly,Pingxiang_113.837881_27.606352,Pingxiang_113.826653_27.610843,upper,0.27229015294439429,55260.759141728442
Pingxiang,Hilly,Pingxiang_113.842373_27.617581,Pingxiang_113.822161_27.608597,upper,0.46306668281950897,55255.094705193638
Pingxiang,Hilly,Pingxiang_113.844619_27.664742,Pingxiang_113.828898_27.669234,upper,0.40448563590067138,55231.280898341596
Pingxiang,Hilly,Pingxiang_113.876060_27.658005,Pingxiang_113.819915_27.642284,upper,0.43920785488081432,55234.685162187605
Pingxiang,Hilly,Pingxiang_113.878306_27.644530,Pingxiang_113.894026_27.655759,upper,0.26760726402805329,55241.491398769082
Pingxiang,Hilly,Pingxiang_114.024282_27.635547,Pingxiang_114.015299_27.633301,upper,0.29477623394517866,55246.027192318506
Pingxiang,Hilly,Pingxiang_114.031019_27.626564,Pingxiang_113.853602_27.572665,upper,1.0921844796275948,55250.561627822797
Pingxiang,Hilly,Pingxiang_114.042248_27.624318,Pingxiang_113.992841_27.619826,upper,1.1270243439602863,55251.695024363558
Qianjiang,Flat,Qianjiang_112.865455_30.418078,Qianjiang_112.860964_30.406849,moderate,0.36282396176529036,53776.691641957143
Qianjiang,Flat,Qianjiang_112.867701_30.411341,Qianjiang_112.869947_30.404604,moderate,0.63596292213566996,53780.403962227792
Qianjiang,Flat,Qianjiang_112.872193_30.411341,Qianjiang_112.869947_30.404604,moderate,0.57262932869761263,53780.403962051154
Qianjiang,Flat,Qianjiang_112.878930_30.413587,Qianjiang_112.869947_30.427062,moderate,1.3739714466280055,53779.166604801962
Qianjiang,Flat,Qianjiang_112.883421_30.404604,Qianjiang_112.869947_30.404604,moderate,0.6841726125282005,53784.115538695609
Qianjiang,Flat,Qianjiang_112.885667_30.436045,Qianjiang_112.872193_30.429307,moderate,0.53306641062179227,53766.788486475358
Qianjiang,Flat,Qianjiang_112.894650_30.404604,Qianjiang_112.905879_30.451765,moderate,0.95021369961263225,53784.115538695609
Qianjiang,Flat,Qianjiang_112.896896_30.391129,Qianjiang_112.869947_30.404604,moderate,0.59565848348888406,53791.536460576026
Qianjiang,Flat,Qianjiang_112.899142_30.431553,Qianjiang_112.908125_30.438291,moderate,0.30898406696630948,53769.264771067166
Qianjiang,Flat,Qianjiang_112.912617_30.402358,Qianjiang_112.881176_30.397866,moderate,1.0843532329512695,53785.352565463902
Qianjiang,Flat,Qianjiang_112.881176_30.431553,Qianjiang_112.854226_30.404604,primary,1.2050820381583409,53769.264771067166
Qianjiang,Flat,Qianjiang_112.883421_30.411341,Qianjiang_112.910371_30.451765,primary,0.82171603893948497,53780.403962227792
Qianjiang,Flat,Qianjiang_112.892405_30.391129,Qianjiang_112.899142_30.397866,primary,0.49712152125493547,53791.536460752657
Qianjiang,Flat,Qianjiang_112.894650_30.404604,Qianjiang_112.885667_30.397866,primary,0.96546563607305769,53784.115538695609
Qianjiang,Flat,Qianjiang_112.894650_30.447274,Qianjiang_112.903634_30.440536,primary,0.48718076974230867,53760.596329693872
Qianjiang,Flat,Qianjiang_112.896896_30.438291,Qianjiang_112.905879_30.451765,primary,0.48992231449583068,53765.550220271201
Qianjiang,Flat,Qianjiang_112.903634_30.420324,Qianjiang_112.905879_30.451765,primary,1.0364415662657385,53775.454036714793
Qianjiang,Flat,Qianjiang_112.905879_30.445028,Qianjiang_112.917108_30.454011,primary,0.26077762307648161,53761.834926025673
Qianjiang,Flat,Qianjiang_112.912617_30.402358,Qianjiang_112.887913_30.386637,primary,1.0811880520887556,53785.352565463902
Qianjiang,Flat,Qianjiang_112.914863_30.402358,Qianjiang_112.887913_30.386637,primary,0.32683894313581069,53785.352565463902
Qianjiang,Flat,Qianjiang_112.849735_30.413587,Qianjiang_112.858718_30.422570,upper,0.56459697689350941,53779.166604625323
Qianjiang,Flat,Qianjiang_112.851980_30.413587,Qianjiang_112.899142_30.433799,upper,0.3630154696791103,53779.166604801962
Qianjiang,Flat,Qianjiang_112.858718_30.413587,Qianjiang_112.854226_30.404604,upper,0.48405546212403749,53779.166604801962
Qianjiang,Flat,Qianjiang_112.860964_30.406849,Qianjiang_112.856472_30.406849,upper,0.16414935830971489,53782.878429086297
Qianjiang,Flat,Qianjiang_112.863209_30.415833,Qianjiang_112.863209_30.424816,upper,0.29236224926710075,53777.929164711742
Qianjiang,Flat,Qianjiang_112.872193_30.406849,Qianjiang_112.867701_30.424816,upper,0.44542178140497696,53782.878428909666
Qianjiang,Flat,Qianjiang_112.872193_30.409095,Qianjiang_112.908125_30.440536,upper,0.53379081573814158,53781.641236812604
Qianjiang,Flat,Qianjiang_112.876684_30.431553,Qianjiang_112.908125_30.442782,upper,0.30917703484459297,53769.264771067166
Qianjiang,Flat,Qianjiang_112.883421_30.413587,Qianjiang_112.887913_30.388883,upper,1.3243339543014478,53779.166604801962
Qianjiang,Flat,Qianjiang_112.896896_30.438291,Qianjiang_112.899142_30.436045,upper,0.76165803463203563,53765.550220271201
Shangrao,Hilly,Shangrao_117.862334_28.394623,Shangrao_117.893775_28.444031,moderate,0.2706893413244042,54857.972911400262
Shangrao,Hilly,Shangrao_117.869071_28.408098,Shangrao_118.163270_28.428310,moderate,0.47007407903860976,54850.997192782372
Shangrao,Hilly,Shangrao_117.884792_28.439539,Shangrao_117.922970_28.453014,moderate,0.27418883441311059,54834.708718492511
Shangrao,Hilly,Shangrao_117.887038_28.437293,Shangrao_117.864580_28.455260,moderate,0.56948356119410137,54835.872728763665
Shangrao,Hilly,Shangrao_117.907250_28.468734,Shangrao_117.896021_28.468734,moderate,0.197054782642859,54819.568921643513
Shangrao,Hilly,Shangrao_117.909496_28.423818,Shangrao_117.931953_28.423818,moderate,0.22712208217123731,54842.855020171613
Shangrao,Hilly,Shangrao_117.931953_28.468734,Shangrao_117.940937_28.466488,moderate,0.44491832179968127,54819.568921643513
Shangrao,Hilly,Shangrao_117.963394_28.446276,Shangrao_117.869071_28.390132,moderate,1.3781798779130243,54831.216182861092
Shangrao,Hilly,Shangrao_118.055472_28.587761,Shangrao_118.028522_28.578778,moderate,0.21711239810601624,54757.697870599302
Shangrao,Hilly,Shangrao_118.181236_28.437293,Shangrao_117.979115_28.473226,moderate,0.8929320104786963,54835.872728763665
Shangrao,Hilly,Shangrao_117.853351_28.385640,Shangrao_117.864580_28.378903,primary,0.35404492762768663,54862.621705043908
Shangrao,Hilly,Shangrao_117.887038_28.459751,Shangrao_117.976869_28.482209,primary,0.32510741494798306,54824.228836914612
Shangrao,Hilly,Shangrao_117.936445_28.461997,Shangrao_117.976869_28.482209,primary,0.40476927050101169,54823.063984367567
Shangrao,Hilly,Shangrao_117.963394_28.423818,Shangrao_117.945428_28.430556,primary,0.34337505086149905,54842.855020083298
Shangrao,Hilly,Shangrao_117.974623_28.479963,Shangrao_117.990344_28.477717,primary,0.32016293553721675,54813.742132610525
Shangrao,Hilly,Shangrao_117.979115_28.479963,Shangrao_117.873563_28.426064,primary,0.53377554851744202,54813.742132522209
Shangrao,Hilly,Shangrao_118.008310_28.441785,Shangrao_118.003819_28.439539,primary,0.29032846070071849,54833.544624320544
Shangrao,Hilly,Shangrao_118.143057_28.435047,Shangrao_118.131829_28.428310,primary,0.2483794203422495,54837.03665460409
Shangrao,Hilly,Shangrao_118.145303_28.435047,Shangrao_118.196956_28.428310,primary,0.58401579287832994,54837.036654692412
Shangrao,Hilly,Shangrao_118.178990_28.448522,Shangrao_118.194711_28.461997,primary,0.49510951308498452,54830.05183583856
Shangrao,Hilly,Shangrao_117.882546_28.450768,Shangrao_117.896021_28.453014,upper,0.30146206082249583,54828.887404561938
Shangrao,Hilly,Shangrao_117.882546_28.466488,Shangrao_117.860088_28.457505,upper,0.4623466324559633,54820.734026864498
Shangrao,Hilly,Shangrao_117.884792_28.439539,Shangrao_118.012802_28.453014,upper,0.33604006366071359,54834.708718492511
Shangrao,Hilly,Shangrao_117.887038_28.428310,Shangrao_118.010556_28.444031,upper,0.41863968444903193,54840.527926512565
Shangrao,Hilly,Shangrao_117.889283_28.457505,Shangrao_118.003819_28.446276,upper,0.42326045418823577,54825.39360511925
Shangrao,Hilly,Shangrao_117.902758_28.477717,Shangrao_117.887038_28.464243,upper,0.4719932291003523,54814.907658748656
Shangrao,Hilly,Shangrao_117.929708_28.432802,Shangrao_117.985852_28.455260,upper,0.38794032965179137,54838.200496190439
Shangrao,Hilly,Shangrao_117.952165_28.426064,Shangrao_117.936445_28.423818,upper,0.32959092615022123,54841.691515513288
Shangrao,Hilly,Shangrao_118.100388_28.394623,Shangrao_118.095896_28.403606,upper,0.46353745682382003,54857.972911488578
Shangrao,Hilly,Shangrao_118.138566_28.430556,Shangrao_118.208185_28.423818,upper,0.57221790757801083,54839.364253522705
Shaoyang,Hilly,Shaoyang_111.441625_27.224568,Shaoyang_111.443871_27.213339,moderate,0.32014868478264308,55452.085676306837
Shaoyang,Hilly,Shaoyang_111.450609_27.213339,Shaoyang_111.459592_27.213339,moderate,0.49830169793026396,55457.675696260645
Shaoyang,Hilly,Shaoyang_111.450609_27.309908,Shaoyang_111.430397_27.208847,moderate,0.58462198981308788,55409.531935941945
Shaoyang,Hilly,Shaoyang_111.457346_27.298679,Shaoyang_111.455100_27.211093,moderate,0.36485372498963375,55415.138137360729
Shaoyang,Hilly,Shaoyang_111.457346_27.305416,Shaoyang_111.452854_27.213339,moderate,0.56921784543074072,55411.774671921208
Shaoyang,Hilly,Shaoyang_111.468575_27.325628,Shaoyang_111.466329_27.303170,moderate,0.82631891567131965,55401.67967854438
Shaoyang,Hilly,Shaoyang_111.511245_27.238042,Shaoyang_111.464083_27.298679,moderate,0.35109057446414788,55445.374840960685
Shaoyang,Hilly,Shaoyang_111.522474_27.249271,Shaoyang_111.513491_27.240288,moderate,0.184860356091745,55439.780135455316
Shaoyang,Hilly,Shaoyang_111.526965_27.240288,Shaoyang_111.511245_27.226813,moderate,0.52503496970518104,55444.256070098781
Shaoyang,Hilly,Shaoyang_111.533703_27.264992,Shaoyang_111.540440_27.267238,moderate,0.4684498427560565,55431.943970587861
Shaoyang,Hilly,Shaoyang_111.416922_27.193127,Shaoyang_111.421413_27.242534,primary,0.47288856126029727,55467.732364450458
Shaoyang,Hilly,Shaoyang_111.448363_27.312153,Shaoyang_111.479804_27.289695,primary,0.79664289558869872,55408.410440246436
Shaoyang,Hilly,Shaoyang_111.457346_27.222322,Shaoyang_111.428151_27.224568,primary,1.3370780107669746,55453.203850589765
Shaoyang,Hilly,Shaoyang_111.475312_27.222322,Shaoyang_111.493279_27.294187,primary,0.68301554908547812,55453.203850678081
Shaoyang,Hilly,Shaoyang_111.475312_27.303170,Shaoyang_111.511245_27.222322,primary,0.32794957913067413,55412.895912293287
Shaoyang,Hilly,Shaoyang_111.488787_27.231305,Shaoyang_111.544932_27.269483,primary,0.62070813587025153,55448.730641839706
Shaoyang,Hilly,Shaoyang_111.495524_27.213339,Shaoyang_111.502262_27.291941,primary,0.31352718137907326,55457.675696172329
Shaoyang,Hilly,Shaoyang_111.497770_27.235797,Shaoyang_111.486541_27.231305,primary,0.35277520291933701,55446.493526508697
Shaoyang,Hilly,Shaoyang_111.524720_27.231305,Shaoyang_111.502262_27.294187,primary,0.25140877276973578,55448.730642016337
Shaoyang,Hilly,Shaoyang_111.569635_27.262746,Shaoyang_111.567390_27.271729,primary,0.42277385942927259,55433.063678224469
Shaoyang,Hilly,Shaoyang_111.428151_27.226813,Shaoyang_111.396710_27.235797,upper,0.35947698523053173,55450.967416710031
Shaoyang,Hilly,Shaoyang_111.430397_27.202110,Shaoyang_111.398955_27.231305,upper,0.6469072430210866,55463.26358610516
Shaoyang,Hilly,Shaoyang_111.437134_27.215584,Shaoyang_111.396710_27.235797,upper,0.56278838833669642,55456.557862703354
Shaoyang,Hilly,Shaoyang_111.457346_27.314399,Shaoyang_111.475312_27.215584,upper,0.95429520864588957,55407.288859413675
Shaoyang,Hilly,Shaoyang_111.475312_27.229059,Shaoyang_111.547178_27.262746,upper,3.152818406957294,55449.849071975972
Shaoyang,Hilly,Shaoyang_111.508999_27.229059,Shaoyang_111.517982_27.244780,upper,0.19445831191888438,55449.849071975972
Shaoyang,Hilly,Shaoyang_111.522474_27.240288,Shaoyang_111.511245_27.238042,upper,0.30166404969644123,55444.256070098781
Shaoyang,Hilly,Shaoyang_111.522474_27.251517,Shaoyang_111.517982_27.249271,upper,0.37374709371661602,55438.66093890716
Shaoyang,Hilly,Shaoyang_111.524720_27.240288,Shaoyang_111.500016_27.294187,upper,0.2546287876400149,55444.256070098781
Shaoyang,Hilly,Shaoyang_111.533703_27.242534,Shaoyang_111.506753_27.233551,upper,0.38341467076171437,55443.13721427627
Shiyan,Mountainous,Shiyan_110.639879_32.652638,Shiyan_110.669074_32.648146,moderate,0.45190394893040137,52504.734753374003
Shiyan,Mountainous,Shiyan_110.740940_32.621197,Shiyan_110.713990_32.630180,moderate,0.33167995835227149,52523.190176034448
Shiyan,Mountainous,Shiyan_110.774626_32.605476,Shiyan_110.702761_32.652638,moderate,0.65290162474634317,52532.411956724973
Shiyan,Mountainous,Shiyan_110.781364_32.630180,Shiyan_110.794838_32.636917,moderate,0.26670748815309042,52517.918811828065
Shiyan,Mountainous,Shiyan_110.803822_32.618951,Shiyan_110.810559_32.623442,moderate,0.19652204741037352,52524.507815414974
Shiyan,Mountainous,Shiyan_110.808313_32.618951,Shiyan_110.660091_32.652638,moderate,0.44313728079507753,52524.507815414974
Shiyan,Mountainous,Shiyan_110.808313_32.639163,Shiyan_110.797084_32.625688,moderate,0.4569612271002213,52512.646156608884
Shiyan,Mountainous,Shiyan_110.844246_32.585264,Shiyan_110.839754_32.594247,moderate,0.15274810593740984,52544.262720612453
Shiyan,Mountainous,Shiyan_110.880178_32.596493,Shiyan_110.882424_32.607722,moderate,0.60803827413950573,52537.679769895483
Shiyan,Mountainous,Shiyan_110.882424_32.600985,Shiyan_110.693778_32.657129,moderate,0.82334772915052679,52535.04602484138
Shiyan,Mountainous,Shiyan_110.696024_32.641409,Shiyan_110.684795_32.654883,primary,0.49494612019008327,52511.327791088865
Shiyan,Mountainous,Shiyan_110.731956_32.652638,Shiyan_110.729711_32.645900,primary,0.27977944117515391,52504.734753374003
Shiyan,Mountainous,Shiyan_110.734202_32.643655,Shiyan_110.680303_32.652638,primary,0.41040960366699952,52510.009344847422
Shiyan,Mountainous,Shiyan_110.794838_32.666112,Shiyan_110.758906_32.677341,primary,0.37576382337623881,52496.82044628766
Shiyan,Mountainous,Shiyan_110.810559_32.594247,Shiyan_110.839754_32.580772,primary,0.38147350418049192,52538.996521693676
Shiyan,Mountainous,Shiyan_110.819542_32.612213,Shiyan_110.837508_32.592001,primary,0.32906319116456956,52528.46024940467
Shiyan,Mountainous,Shiyan_110.839754_32.592001,Shiyan_110.812805_32.605476,primary,0.23249263519214444,52540.313192593814
Shiyan,Mountainous,Shiyan_110.853229_32.605476,Shiyan_110.857721_32.609968,primary,0.18839034239618679,52532.411956724973
Shiyan,Mountainous,Shiyan_110.868949_32.623442,Shiyan_110.859966_32.618951,primary,0.70919900751752751,52521.872456109137
Shiyan,Mountainous,Shiyan_110.884670_32.574035,Shiyan_110.880178_32.600985,primary,0.35777877597811952,52550.843653117321
Shiyan,Mountainous,Shiyan_110.707253_32.659375,Shiyan_110.752168_32.645900,upper,0.28116824110435612,52500.777962900582
Shiyan,Mountainous,Shiyan_110.785855_32.616705,Shiyan_110.797084_32.614459,upper,0.33000879758204477,52525.825373897445
Shiyan,Mountainous,Shiyan_110.797084_32.661621,Shiyan_110.758906_32.677341,upper,0.39173994353175556,52499.458871417693
Shiyan,Mountainous,Shiyan_110.817296_32.634671,Shiyan_110.824034_32.630180,upper,0.15184019781542496,52515.282645661311
Shiyan,Mountainous,Shiyan_110.833017_32.596493,Shiyan_110.835263_32.587510,upper,0.36873206329293035,52537.679769895483
Shiyan,Mountainous,Shiyan_110.839754_32.589756,Shiyan_110.826279_32.587510,upper,0.30411537299678143,52541.629782595897
Shiyan,Mountainous,Shiyan_110.857721_32.589756,Shiyan_110.864458_32.587510,upper,0.34869636530133918,52541.629782419266
Shiyan,Mountainous,Shiyan_110.857721_32.592001,Shiyan_110.839754_32.594247,upper,0.19381754702153109,52540.313192770445
Shiyan,Mountainous,Shiyan_110.857721_32.596493,Shiyan_110.839754_32.596493,upper,0.22253404121398102,52537.679770072114
Shiyan,Mountainous,Shiyan_110.875687_32.585264,Shiyan_110.842000_32.598739,upper,0.67444488645196476,52544.262720789084
Suizhou,Hilly,Suizhou_113.323596_31.722881,Suizhou_113.330333_31.718390,moderate,0.55312350128806176,53043.785035200774
Suizhou,Hilly,Suizhou_113.334825_31.720636,Suizhou_113.453852_31.677966,moderate,0.87506787134491948,53045.070235875653
Suizhou,Hilly,Suizhou_113.350545_31.752077,Suizhou_113.348300_31.736356,moderate,0.54442977710715146,53027.070012951059
Suizhou,Hilly,Suizhou_113.352791_31.740848,Suizhou_113.341562_31.729619,moderate,0.84765560157301711,53033.50049733567
Suizhou,Hilly,Suizhou_113.361774_31.740848,Suizhou_113.435885_31.686949,moderate,0.78676866132176548,53033.500497159032
Suizhou,Hilly,Suizhou_113.361774_31.761060,Suizhou_113.359529_31.772289,moderate,0.37014240931527442,53021.924158892405
Suizhou,Hilly,Suizhou_113.375249_31.700423,Suizhou_113.417919_31.695932,moderate,0.6798481788090609,53056.63337327593
Suizhou,Hilly,Suizhou_113.438131_31.682457,Suizhou_113.449360_31.686949,moderate,0.51254982218752854,53066.906174211486
Suizhou,Hilly,Suizhou_113.447114_31.689195,Suizhou_113.492030_31.675720,moderate,0.36360870647090893,53063.054485497611
Suizhou,Hilly,Suizhou_113.483047_31.682457,Suizhou_113.453852_31.677966,moderate,0.4148953668639811,53066.906174211486
Suizhou,Hilly,Suizhou_113.332579_31.716144,Suizhou_113.328088_31.718390,primary,0.26514224726361857,53047.640392588291
Suizhou,Hilly,Suizhou_113.337071_31.713898,Suizhou_113.334825_31.718390,primary,0.31119991006211589,53048.925348449418
Suizhou,Hilly,Suizhou_113.350545_31.734110,Suizhou_113.348300_31.736356,primary,0.38761876795144495,53037.357810053829
Suizhou,Hilly,Suizhou_113.350545_31.752077,Suizhou_113.368512_31.765551,primary,0.52409203102820279,53027.070012951059
Suizhou,Hilly,Suizhou_113.368512_31.695932,Suizhou_113.442623_31.693686,primary,0.9747458395276648,53059.202062519114
Suizhou,Hilly,Suizhou_113.390970_31.709407,Suizhou_113.393215_31.716144,primary,0.3713122172632321,53051.49501588782
Suizhou,Hilly,Suizhou_113.395461_31.682457,Suizhou_113.390970_31.713898,primary,0.54644140406624353,53066.906174388118
Suizhou,Hilly,Suizhou_113.411182_31.722881,Suizhou_113.438131_31.702669,primary,0.2527372022370396,53043.785035200774
Suizhou,Hilly,Suizhou_113.429148_31.704915,Suizhou_113.438131_31.693686,primary,0.28328943286002339,53054.064357614414
Suizhou,Hilly,Suizhou_113.489784_31.675720,Suizhou_113.494276_31.677966,primary,0.1758455217141916,53070.757129720521
Suizhou,Hilly,Suizhou_113.339317_31.713898,Suizhou_113.330333_31.718390,upper,0.54292881311095809,53048.925348626057
Suizhou,Hilly,Suizhou_113.341562_31.711652,Suizhou_113.328088_31.722881,upper,0.65468302633260289,53050.210222882597
Suizhou,Hilly,Suizhou_113.352791_31.736356,Suizhou_113.381986_31.727373,upper,0.5686453126451223,53036.072120634606
Suizhou,Hilly,Suizhou_113.357283_31.713898,Suizhou_113.375249_31.689195,upper,0.54270516627772358,53048.925348449418
Suizhou,Hilly,Suizhou_113.366266_31.677966,Suizhou_113.370758_31.673474,upper,0.63857024300348497,53069.473559724276
Suizhou,Hilly,Suizhou_113.386478_31.729619,Suizhou_113.480801_31.698178,upper,0.38312874862760887,53039.928944608422
Suizhou,Hilly,Suizhou_113.404444_31.722881,Suizhou_113.388724_31.740848,upper,0.2634304634959882,53043.785035200774
Suizhou,Hilly,Suizhou_113.408936_31.689195,Suizhou_113.413428_31.682457,upper,0.25176350556260424,53063.054485497611
Suizhou,Hilly,Suizhou_113.417919_31.702669,Suizhou_113.381986_31.729619,upper,0.42318267863422915,53055.348906159146
Suizhou,Hilly,Suizhou_113.435885_31.684703,Suizhou_113.381986_31.727373,upper,0.36885105839859306,53065.622359578112
Tianmen,Flat,Tianmen_113.092280_30.658378,Tianmen_113.101263_30.662869,moderate,0.081846446889694044,53643.799725413723
Tianmen,Flat,Tianmen_113.119229_30.665115,Tianmen_113.060839_30.667361,moderate,0.72885793244103669,53640.060174117032
Tianmen,Flat,Tianmen_113.125967_30.644903,Tianmen_113.114738_30.651640,moderate,0.28582886281245817,53651.276602427519
Tianmen,Flat,Tianmen_113.139441_30.676344,Tianmen_113.175374_30.676344,moderate,0.4765532451768365,53633.825940633855
Tianmen,Flat,Tianmen_113.143933_30.653886,Tianmen_113.134950_30.649395,moderate,1.2831305075515653,53646.292347349394
Tianmen,Flat,Tianmen_113.143933_30.662869,Tianmen_113.137196_30.647149,moderate,0.45395542397143979,53641.306773527052
Tianmen,Flat,Tianmen_113.146179_30.626937,Tianmen_113.148425_30.617954,moderate,0.50653380147714244,53661.241155821204
Tianmen,Flat,Tianmen_113.146179_30.669607,Tianmen_113.155162_30.685327,moderate,0.44382160008341104,53637.566728010381
Tianmen,Flat,Tianmen_113.155162_30.671852,Tianmen_113.143933_30.676344,moderate,0.91205179658207536,53636.31988131375
Tianmen,Flat,Tianmen_113.161899_30.676344,Tianmen_113.164145_30.676344,moderate,0.19080995073960064,53633.825940810486
Tianmen,Flat,Tianmen_113.078805_30.667361,Tianmen_113.099017_30.662869,primary,0.26009350501343093,53638.813492219269
Tianmen,Flat,Tianmen_113.101263_30.658378,Tianmen_113.103509_30.662869,primary,0.090920921147142786,53643.799725413723
Tianmen,Flat,Tianmen_113.110246_30.660624,Tianmen_113.101263_30.651640,primary,0.75619641729736409,53642.553290625947
Tianmen,Flat,Tianmen_113.123721_30.649395,Tianmen_113.116983_30.647149,primary,0.27992978105504784,53648.784639863959
Tianmen,Flat,Tianmen_113.123721_30.651640,Tianmen_113.105755_30.653886,primary,0.18517608325325163,53647.53853467392
Tianmen,Flat,Tianmen_113.128212_30.649395,Tianmen_113.112492_30.651640,primary,0.39597332557790393,53648.784639863959
Tianmen,Flat,Tianmen_113.155162_30.669607,Tianmen_113.173128_30.678590,primary,0.77075421900327545,53637.566728010381
Tianmen,Flat,Tianmen_113.182111_30.653886,Tianmen_113.170882_30.676344,primary,0.49122841991635313,53646.292347349394
Tianmen,Flat,Tianmen_113.184357_30.653886,Tianmen_113.170882_30.676344,primary,0.50345006178993568,53646.292347349394
Tianmen,Flat,Tianmen_113.186603_30.671852,Tianmen_113.191094_30.676344,primary,0.51834696390806989,53636.319881137111
Tianmen,Flat,Tianmen_113.072068_30.667361,Tianmen_113.110246_30.667361,upper,0.52744552002273859,53638.813492395901
Tianmen,Flat,Tianmen_113.134950_30.642657,Tianmen_113.134950_30.647149,upper,0.17504750789600051,53652.522460154301
Tianmen,Flat,Tianmen_113.137196_30.647149,Tianmen_113.128212_30.653886,upper,0.37149767448388621,53650.030662212979
Tianmen,Flat,Tianmen_113.146179_30.624691,Tianmen_113.116983_30.656132,upper,0.721241327856884,53662.486353822613
Tianmen,Flat,Tianmen_113.146179_30.658378,Tianmen_113.078805_30.665115,upper,1.3125325572209225,53643.799725413723
Tianmen,Flat,Tianmen_113.150670_30.622445,Tianmen_113.193340_30.649395,upper,0.68648604925257017,53663.731469689534
Tianmen,Flat,Tianmen_113.166391_30.674098,Tianmen_113.170882_30.678590,upper,0.2442951607750497,53635.072952305993
Tianmen,Flat,Tianmen_113.173128_30.674098,Tianmen_113.119229_30.658378,upper,0.52355287597514766,53635.072952305993
Tianmen,Flat,Tianmen_113.177620_30.660624,Tianmen_113.146179_30.617954,upper,0.71482273178903999,53642.553290625947
Tianmen,Flat,Tianmen_113.179866_30.674098,Tianmen_113.179866_30.678590,upper,0.35299083954789662,53635.072952305993
Wuhan,Flat,Wuhan_114.111868_30.460748,Wuhan_114.120851_30.458503,moderate,0.42996258685478245,53753.163015397724
Wuhan,Flat,Wuhan_114.127588_30.647149,Wuhan_114.145554_30.662869,moderate,0.22786066311743275,53650.030662212979
Wuhan,Flat,Wuhan_114.183733_30.570792,Wuhan_114.426278_30.586513,moderate,0.33453908298937118,53692.346373131768
Wuhan,Flat,Wuhan_114.280302_30.647149,Wuhan_114.264581_30.649395,moderate,0.26362231357288468,53650.030662212979
Wuhan,Flat,Wuhan_114.298268_30.471977,Wuhan_114.307251_30.462994,moderate,0.17937230682663263,53746.966316137645
Wuhan,Flat,Wuhan_114.307251_30.487698,Wuhan_114.415049_30.582021,moderate,0.40411700930932137,53738.287469119976
Wuhan,Flat,Wuhan_114.311743_30.492189,Wuhan_114.336446_30.476469,moderate,0.36902335184727258,53735.807055194877
Wuhan,Flat,Wuhan_114.329709_30.460748,Wuhan_114.338692_30.474223,moderate,0.14539938389209692,53753.163015574355
Wuhan,Flat,Wuhan_114.370133_30.588758,Wuhan_114.311743_30.611216,moderate,0.26726363120059626,53682.398311459459
Wuhan,Flat,Wuhan_114.437507_30.456257,Wuhan_114.448736_30.458503,moderate,0.36632419072456007,53755.641117369552
Wuhan,Flat,Wuhan_114.145554_30.606725,Wuhan_114.168012_30.608970,primary,0.23123943188201951,53672.444971277597
Wuhan,Flat,Wuhan_114.170258_30.658378,Wuhan_114.367888_30.570792,primary,0.62932960944491334,53643.799725590361
Wuhan,Flat,Wuhan_114.199453_30.611216,Wuhan_114.172504_30.615708,primary,0.21603724856797979,53669.955811884516
Wuhan,Flat,Wuhan_114.206191_30.620199,Wuhan_114.388100_30.586513,primary,0.22142341959860998,53664.976503068705
Wuhan,Flat,Wuhan_114.221911_30.626937,Wuhan_114.181487_30.626937,primary,0.40380389103181874,53661.241155821204
Wuhan,Flat,Wuhan_114.275810_30.496681,Wuhan_114.401574_30.433799,primary,0.39698462130480805,53733.326311142133
Wuhan,Flat,Wuhan_114.365642_30.456257,Wuhan_114.302760_30.447274,primary,0.15713863779807435,53755.641117369552
Wuhan,Flat,Wuhan_114.388100_30.611216,Wuhan_114.217420_30.620199,primary,0.30043469757070845,53669.955811884516
Wuhan,Flat,Wuhan_114.444244_30.492189,Wuhan_114.406066_30.519139,primary,0.37386597122706366,53735.807055194877
Wuhan,Flat,Wuhan_114.446490_30.478715,Wuhan_114.448736_30.480960,primary,0.30982464503347501,53743.247305704106
Wuhan,Flat,Wuhan_114.141063_30.512402,Wuhan_114.125342_30.550580,upper,0.37811332477958159,53724.641107268617
Wuhan,Flat,Wuhan_114.141063_30.577529,Wuhan_114.161275_30.564055,upper,0.20057188135993792,53688.616468662789
Wuhan,Flat,Wuhan_114.165767_30.622445,Wuhan_114.170258_30.620199,upper,0.17797460206862267,53663.731469866165
Wuhan,Flat,Wuhan_114.206191_30.653886,Wuhan_114.156783_30.676344,upper,0.35155571625636028,53646.292347349394
Wuhan,Flat,Wuhan_114.217420_30.651640,Wuhan_114.403820_30.640411,upper,0.92540758269645118,53647.538534497289
Wuhan,Flat,Wuhan_114.230894_30.629183,Wuhan_114.403820_30.640411,upper,0.42746915222785281,53659.995875155408
Wuhan,Flat,Wuhan_114.230894_30.719014,Wuhan_114.237632_30.703294,upper,0.48275905240703787,53610.117068269632
Wuhan,Flat,Wuhan_114.287039_30.653886,Wuhan_114.221911_30.629183,upper,0.34971682003385784,53646.292347349394
Wuhan,Flat,Wuhan_114.300514_30.471977,Wuhan_114.325218_30.469732,upper,0.097029490724994602,53746.966316137645
Wuhan,Flat,Wuhan_114.450982_30.476469,Wuhan_114.435261_30.469732,upper,0.24609830088192,53744.48705845412
Xiangtan,Transitional,Xiangtan_112.878930_27.878092,Xiangtan_112.867701_27.878092,moderate,0.26907950091079091,55123.084458980535
Xiangtan,Transitional,Xiangtan_112.892405_27.857880,Xiangtan_112.928337_27.855634,moderate,0.20573104092102892,55133.367446181896
Xiangtan,Transitional,Xiangtan_112.910371_27.896058,Xiangtan_112.979990_27.866863,moderate,0.26279107998917361,55113.938267274549
Xiangtan,Transitional,Xiangtan_112.919354_27.896058,Xiangtan_112.984482_27.871355,moderate,0.29620014563176145,55113.938267186233
Xiangtan,Transitional,Xiangtan_112.923846_27.907287,Xiangtan_112.885667_27.909533,moderate,0.20878574101274977,55108.219145246527
Xiangtan,Transitional,Xiangtan_112.928337_27.788260,Xiangtan_112.892405_27.837668,moderate,0.30581359494318172,55168.734098894958
Xiangtan,Transitional,Xiangtan_112.932829_27.920762,Xiangtan_112.919354_27.905041,moderate,0.30578839658853935,55101.353405056987
Xiangtan,Transitional,Xiangtan_112.962024_27.777031,Xiangtan_112.950795_27.817456,moderate,0.52800548771529243,55174.4307709188
Xiangtan,Transitional,Xiangtan_112.968761_27.801735,Xiangtan_112.905879_27.806227,moderate,0.36262927226361941,55161.895295637012
Xiangtan,Transitional,Xiangtan_112.986728_27.902796,Xiangtan_112.941812_27.918516,moderate,0.31068287879419426,55110.507048038759
Xiangtan,Transitional,Xiangtan_112.854226_27.878092,Xiangtan_112.903634_27.916270,primary,0.39178864958526149,55123.084458980535
Xiangtan,Transitional,Xiangtan_112.863209_27.869109,Xiangtan_112.894650_27.898304,primary,0.26230539219497545,55127.655522490779
Xiangtan,Transitional,Xiangtan_112.869947_27.848897,Xiangtan_112.890159_27.907287,primary,0.54281944154728412,55137.935460294837
Xiangtan,Transitional,Xiangtan_112.932829_27.774786,Xiangtan_112.937320_27.768048,primary,0.12204949764102561,55175.569850989275
Xiangtan,Transitional,Xiangtan_112.935075_27.777031,Xiangtan_112.941812_27.765803,primary,0.27426892788924129,55174.4307709188
Xiangtan,Transitional,Xiangtan_112.953041_27.783769,Xiangtan_112.917108_27.806227,primary,0.49561701085062537,55171.013022003455
Xiangtan,Transitional,Xiangtan_112.957533_27.763557,Xiangtan_112.939566_27.772540,primary,0.46174529146524507,55181.263979670213
Xiangtan,Transitional,Xiangtan_112.959778_27.794998,Xiangtan_112.917108_27.806227,primary,0.29428876747401411,55165.315078661442
Xiangtan,Transitional,Xiangtan_112.968761_27.882584,Xiangtan_112.975499_27.875846,primary,0.23271488264655307,55120.798419139726
Xiangtan,Transitional,Xiangtan_112.986728_27.891567,Xiangtan_112.948549_27.947711,primary,0.37976622456169323,55116.225323286737
Xiangtan,Transitional,Xiangtan_112.867701_27.848897,Xiangtan_112.899142_27.891567,upper,0.28378637412811136,55137.935460383153
Xiangtan,Transitional,Xiangtan_112.926091_27.911779,Xiangtan_112.887913_27.911779,upper,0.3746648048842845,55105.930903936576
Xiangtan,Transitional,Xiangtan_112.932829_27.896058,Xiangtan_112.928337_27.882584,upper,0.17815114749550584,55113.938267186233
Xiangtan,Transitional,Xiangtan_112.939566_27.920762,Xiangtan_112.982236_27.893812,upper,0.39369567455403615,55101.353405145303
Xiangtan,Transitional,Xiangtan_112.948549_27.772540,Xiangtan_112.959778_27.830930,upper,0.68603140478359148,55176.708846275767
Xiangtan,Transitional,Xiangtan_112.950795_27.837668,Xiangtan_112.863209_27.880338,upper,0.62002917762957721,55143.643571974382
Xiangtan,Transitional,Xiangtan_112.959778_27.866863,Xiangtan_112.903634_27.916270,upper,0.47720643252948319,55128.798076673331
Xiangtan,Transitional,Xiangtan_112.962024_27.783769,Xiangtan_112.939566_27.765803,upper,0.36843809406533917,55171.013022003455
Xiangtan,Transitional,Xiangtan_112.986728_27.864617,Xiangtan_112.896896_27.914025,upper,0.1666509297936444,55129.940545983576
Xiangtan,Transitional,Xiangtan_112.993465_27.898304,Xiangtan_112.948549_27.947711,upper,0.44939897568812393,55112.794612224949
Xiangxi,Mountainous,Xiangxi_109.678682_28.248647,Xiangxi_109.725843_28.293563,moderate,0.73911369302758967,54933.348637098963
Xiangxi,Mountainous,Xiangxi_109.689911_28.259876,Xiangxi_109.716860_28.298054,moderate,0.91721297500418464,54927.563157737553
Xiangxi,Mountainous,Xiangxi_109.710123_28.282334,Xiangxi_109.683173_28.262122,moderate,0.47942680733066989,54915.985869978613
Xiangxi,Mountainous,Xiangxi_109.719106_28.277842,Xiangxi_109.723597_28.291317,moderate,0.60683448667073425,54918.302002569886
Xiangxi,Mountainous,Xiangxi_109.721352_28.273351,Xiangxi_109.732581_28.302546,moderate,0.27860352771784297,54920.617797703235
Xiangxi,Mountainous,Xiangxi_109.728089_28.307037,Xiangxi_109.716860_28.273351,moderate,0.19379917420041315,54903.241108787726
Xiangxi,Mountainous,Xiangxi_109.734826_28.309283,Xiangxi_109.750547_28.307037,moderate,0.86880861600814097,54902.08198816792
Xiangxi,Mountainous,Xiangxi_109.743810_28.307037,Xiangxi_109.748301_28.298054,moderate,0.31708132154663088,54903.241108787726
Xiangxi,Mountainous,Xiangxi_109.746055_28.307037,Xiangxi_109.725843_28.293563,moderate,0.4284917682156657,54903.241108787726
Xiangxi,Mountainous,Xiangxi_109.750547_28.300300,Xiangxi_109.723597_28.291317,moderate,0.70510403294779767,54906.71796512264
Xiangxi,Mountainous,Xiangxi_109.683173_28.241910,Xiangxi_109.683173_28.262122,primary,0.42869316081219988,54936.818911900467
Xiangxi,Mountainous,Xiangxi_109.685419_28.241910,Xiangxi_109.678682_28.250893,primary,0.31709530663448543,54936.818911900467
Xiangxi,Mountainous,Xiangxi_109.685419_28.246401,Xiangxi_109.712369_28.320512,primary,0.6388307201929736,54934.505479679094
Xiangxi,Mountainous,Xiangxi_109.687665_28.253139,Xiangxi_109.692156_28.264368,primary,0.31473948704339327,54931.034698558236
Xiangxi,Mountainous,Xiangxi_109.692156_28.255384,Xiangxi_109.703385_28.275596,primary,1.0527451628146363,54929.877602597633
Xiangxi,Mountainous,Xiangxi_109.716860_28.273351,Xiangxi_109.734826_28.302546,primary,0.38417074260476691,54920.617797614919
Xiangxi,Mountainous,Xiangxi_109.723597_28.300300,Xiangxi_109.730335_28.298054,primary,0.3024840573810843,54906.717965210955
Xiangxi,Mountainous,Xiangxi_109.723597_28.302546,Xiangxi_109.725843_28.291317,primary,0.1514387951539124,54905.559097441721
Xiangxi,Mountainous,Xiangxi_109.737072_28.320512,Xiangxi_109.739318_28.320512,primary,0.48969385479871552,54896.285118961387
Xiangxi,Mountainous,Xiangxi_109.739318_28.333987,Xiangxi_109.716860_28.273351,primary,1.1290344719855523,54889.326092720294
Xiangxi,Mountainous,Xiangxi_109.685419_28.264368,Xiangxi_109.712369_28.320512,upper,0.57477433372910014,54925.248375154595
Xiangxi,Mountainous,Xiangxi_109.692156_28.253139,Xiangxi_109.723597_28.291317,upper,2.0824100039238371,54931.034698469921
Xiangxi,Mountainous,Xiangxi_109.696648_28.250893,Xiangxi_109.678682_28.250893,upper,0.90378366306832036,54932.191709999803
Xiangxi,Mountainous,Xiangxi_109.705631_28.266613,Xiangxi_109.678682_28.250893,upper,0.65105078175377418,54924.09085730536
Xiangxi,Mountainous,Xiangxi_109.716860_28.277842,Xiangxi_109.712369_28.320512,upper,0.64032107061289589,54918.302002658202
Xiangxi,Mountainous,Xiangxi_109.723597_28.304792,Xiangxi_109.725843_28.282334,upper,0.34559794524505588,54904.400145418396
Xiangxi,Mountainous,Xiangxi_109.739318_28.331741,Xiangxi_109.712369_28.320512,upper,1.0987092061551702,54890.486141283145
Xiangxi,Mountainous,Xiangxi_109.739318_28.338479,Xiangxi_109.678682_28.250893,upper,0.82599952850413538,54887.005742655703
Xiangxi,Mountainous,Xiangxi_109.750547_28.300300,Xiangxi_109.743810_28.304792,upper,0.8820327840789649,54906.71796512264
Xiangxi,Mountainous,Xiangxi_109.750547_28.311529,Xiangxi_109.746055_28.311529,upper,0.6386828527802354,54900.922783029077
Xiangyang,Transitional,Xiangyang_112.092904_32.091191,Xiangyang_112.182736_32.019325,moderate,0.39054174936291386,52831.910984399561
Xiangyang,Transitional,Xiangyang_112.097396_32.095682,Xiangyang_112.182736_32.068733,moderate,0.30578390381655557,52829.313662721732
Xiangyang,Transitional,Xiangyang_112.117608_32.073224,Xiangyang_112.144557_32.077716,moderate,0.32655024304922309,52842.297024590822
Xiangyang,Transitional,Xiangyang_112.124345_32.097928,Xiangyang_112.119854_32.095682,moderate,0.17689640855280042,52828.014880182469
Xiangyang,Transitional,Xiangyang_112.128837_32.068733,Xiangyang_112.128837_32.073224,moderate,0.30252110693963685,52844.89272265535
Xiangyang,Transitional,Xiangyang_112.153540_32.136106,Xiangyang_112.140066_32.100174,moderate,0.45221408326214874,52805.92315934076
Xiangyang,Transitional,Xiangyang_112.169261_32.023817,Xiangyang_112.184981_31.999113,moderate,0.55528858541967618,52870.831840551626
Xiangyang,Transitional,Xiangyang_112.182736_32.017080,Xiangyang_112.209685_32.050766,moderate,0.28158658831255873,52874.719906187209
Xiangyang,Transitional,Xiangyang_112.191719_32.017080,Xiangyang_112.074938_32.075470,moderate,0.50742884812723488,52874.719906187209
Xiangyang,Transitional,Xiangyang_112.252355_32.118140,Xiangyang_112.189473_32.142844,moderate,0.44512869270975497,52816.322184552475
Xiangyang,Transitional,Xiangyang_112.061463_32.008096,Xiangyang_112.061463_32.003605,primary,1.0545946083613109,52879.902856418375
Xiangyang,Transitional,Xiangyang_112.164769_32.023817,Xiangyang_112.108625_32.057504,primary,0.6065124514490039,52870.831840551626
Xiangyang,Transitional,Xiangyang_112.169261_32.003605,Xiangyang_112.167015_32.008096,primary,0.27354688404386135,52882.493844202683
Xiangyang,Transitional,Xiangyang_112.169261_32.093436,Xiangyang_112.173752_32.086699,primary,0.41449623647563272,52830.61236400967
Xiangyang,Transitional,Xiangyang_112.169261_32.104665,Xiangyang_112.180490_32.066487,primary,0.47267589403119847,52824.118045233416
Xiangyang,Transitional,Xiangyang_112.171507_32.082207,Xiangyang_112.113116_32.077716,primary,0.33962939506547585,52837.104653799201
Xiangyang,Transitional,Xiangyang_112.180490_32.140598,Xiangyang_112.187227_32.111403,primary,0.36651568291514525,52803.322591496137
Xiangyang,Transitional,Xiangyang_112.182736_32.127123,Xiangyang_112.191719_32.136106,primary,0.44869970112513924,52811.123321074003
Xiangyang,Transitional,Xiangyang_112.214177_32.100174,Xiangyang_112.133328_32.120386,primary,0.45389586903986578,52826.716016391889
Xiangyang,Transitional,Xiangyang_112.218668_32.111403,Xiangyang_112.101887_32.037292,primary,0.91333871707855507,52820.220480082295
Xiangyang,Transitional,Xiangyang_112.065955_32.057504,Xiangyang_112.059217_32.061995,upper,0.20807111101511591,52851.380547331682
Xiangyang,Transitional,Xiangyang_112.072692_32.053012,Xiangyang_112.050234_32.057504,upper,0.43213522740853827,52853.975108760926
Xiangyang,Transitional,Xiangyang_112.081675_32.046275,Xiangyang_112.054726_32.059750,upper,0.33020533108506234,52857.866341961482
Xiangyang,Transitional,Xiangyang_112.086167_32.073224,Xiangyang_112.095150_32.066487,upper,0.1729418738117656,52842.297024590822
Xiangyang,Transitional,Xiangyang_112.106379_32.084453,Xiangyang_112.128837_32.118140,upper,0.37290640191599395,52835.806358237955
Xiangyang,Transitional,Xiangyang_112.151295_32.079962,Xiangyang_112.101887_32.039538,upper,1.2681310452965482,52838.402868462399
Xiangyang,Transitional,Xiangyang_112.151295_32.095682,Xiangyang_112.122099_32.093436,upper,0.2319416642279197,52829.313662721732
Xiangyang,Transitional,Xiangyang_112.187227_32.145090,Xiangyang_112.191719_32.145090,upper,0.40846076321085156,52800.721699706031
Xiangyang,Transitional,Xiangyang_112.191719_32.050766,Xiangyang_112.205193_32.039538,upper,0.18425177017630043,52855.272267686887
Xiangyang,Transitional,Xiangyang_112.250109_32.102420,Xiangyang_112.261338_32.124877,upper,0.33031054663788889,52825.41707152663
Xianning,Hilly,Xianning_114.302760_29.829682,Xianning_114.296022_29.863369,moderate,0.56591703967061557,54098.092039300878
Xianning,Hilly,Xianning_114.302760_29.831928,Xianning_114.293776_29.863369,moderate,0.55603631884705884,54096.876145028982
Xianning,Hilly,Xianning_114.307251_29.865615,Xianning_114.307251_29.854386,moderate,0.40499909284847446,54078.627760265626
Xianning,Hilly,Xianning_114.311743_29.831928,Xianning_114.329709_29.818453,moderate,0.66620797823527866,54096.876145028982
Xianning,Hilly,Xianning_114.313989_29.890318,Xianning_114.320726_29.888072,moderate,0.39347081478592638,54065.233730035347
Xianning,Hilly,Xianning_114.318480_29.829682,Xianning_114.327463_29.816207,moderate,0.53358516071348161,54098.092039212563
Xianning,Hilly,Xianning_114.327463_29.822945,Xianning_114.343184_29.816207,moderate,0.51501877825888742,54101.73922295087
Xianning,Hilly,Xianning_114.334201_29.897056,Xianning_114.338692_29.894810,moderate,0.058543534263406409,54061.579068261315
Xianning,Hilly,Xianning_114.361150_29.924005,Xianning_114.316234_29.879089,moderate,0.59660270180547303,54046.952946485479
Xianning,Hilly,Xianning_114.361150_29.930742,Xianning_114.316234_29.879089,moderate,0.61602562959908913,54043.294547415753
Xianning,Hilly,Xianning_114.278056_29.867860,Xianning_114.248861_29.865615,primary,0.52061470357943485,54077.410536563191
Xianning,Hilly,Xianning_114.300514_29.897056,Xianning_114.352167_29.937480,primary,0.51708236128978036,54061.579068261315
Xianning,Hilly,Xianning_114.311743_29.858877,Xianning_114.293776_29.867860,primary,1.210294839880532,54082.278932913759
Xianning,Hilly,Xianning_114.313989_29.883581,Xianning_114.347675_29.912776,primary,0.38214249022631352,54068.887644208939
Xianning,Hilly,Xianning_114.316234_29.890318,Xianning_114.300514_29.897056,primary,0.59115546937007923,54065.233730035347
Xianning,Hilly,Xianning_114.331955_29.885827,Xianning_114.307251_29.858877,primary,0.48638633669818598,54067.669755835392
Xianning,Hilly,Xianning_114.336446_29.888072,Xianning_114.322972_29.874598,primary,0.27363124734661703,54066.451784532517
Xianning,Hilly,Xianning_114.349921_29.816207,Xianning_114.291531_29.804978,primary,0.76899061618916154,54105.385658823783
Xianning,Hilly,Xianning_114.354413_29.932988,Xianning_114.260090_29.863369,primary,0.63049430474460266,54042.074915141631
Xianning,Hilly,Xianning_114.363396_29.935234,Xianning_114.251107_29.867860,primary,0.47084257338163088,54040.855199761543
Xianning,Hilly,Xianning_114.260090_29.881335,Xianning_114.266827_29.888072,upper,0.30173871528133533,54070.105449388204
Xianning,Hilly,Xianning_114.289285_29.856631,Xianning_114.248861_29.865615,upper,0.51027323156753213,54083.495824192323
Xianning,Hilly,Xianning_114.291531_29.816207,Xianning_114.331955_29.888072,upper,2.5764813574698024,54105.385658735468
Xianning,Hilly,Xianning_114.296022_29.811716,Xianning_114.293776_29.804978,upper,0.18837804645672179,54107.816200159847
Xianning,Hilly,Xianning_114.296022_29.825190,Xianning_114.329709_29.818453,upper,0.75898941345093818,54100.523578173503
Xianning,Hilly,Xianning_114.302760_29.867860,Xianning_114.298268_29.865615,upper,0.30422028182979727,54077.410536474876
Xianning,Hilly,Xianning_114.305005_29.856631,Xianning_114.307251_29.858877,upper,0.099339027323111923,54083.495824192323
Xianning,Hilly,Xianning_114.320726_29.885827,Xianning_114.370133_29.935234,upper,0.56916702663923591,54067.669755747076
Xianning,Hilly,Xianning_114.329709_29.899301,Xianning_114.331955_29.888072,upper,0.8258700755840015,54060.360681516911
Xianning,Hilly,Xianning_114.354413_29.919513,Xianning_114.287039_29.890318,upper,0.32545175427772804,54049.391463786546
Xiantao,Flat,Xiantao_113.399953_30.370917,Xiantao_113.426902_30.406849,moderate,0.3442510941189077,53802.662264875435
Xiantao,Flat,Xiantao_113.402199_30.343967,Xiantao_113.480801_30.391129,moderate,1.1247345015544727,53817.486255248783
Xiantao,Flat,Xiantao_113.402199_30.359688,Xiantao_113.399953_30.370917,moderate,0.43245060284353792,53808.840374363797
Xiantao,Flat,Xiantao_113.422411_30.391129,Xiantao_113.426902_30.404604,moderate,0.34033867979567189,53791.536460576026
Xiantao,Flat,Xiantao_113.444869_30.359688,Xiantao_113.496522_30.379900,moderate,1.2576504176385654,53808.840374363797
Xiantao,Flat,Xiantao_113.449360_30.397866,Xiantao_113.451606_30.409095,moderate,0.24440122871242537,53787.826371360599
Xiantao,Flat,Xiantao_113.458343_30.357442,Xiantao_113.411182_30.330493,moderate,0.56431558225337741,53810.075748197662
Xiantao,Flat,Xiantao_113.465081_30.384392,Xiantao_113.447114_30.384392,moderate,0.53705730456017065,53795.245805811988
Xiantao,Flat,Xiantao_113.480801_30.370917,Xiantao_113.449360_30.348459,moderate,1.0555802370332197,53802.662264875435
Xiantao,Flat,Xiantao_113.489784_30.337230,Xiantao_113.492030_30.337230,moderate,1.0881340564650068,53821.190392628516
Xiantao,Flat,Xiantao_113.417919_30.368671,Xiantao_113.402199_30.359688,primary,0.47388174919420917,53803.898052207856
Xiantao,Flat,Xiantao_113.422411_30.343967,Xiantao_113.413428_30.346213,primary,0.52469784214197401,53817.486255248783
Xiantao,Flat,Xiantao_113.424656_30.334984,Xiantao_113.480801_30.341722,primary,0.54655162356313747,53822.424939641904
Xiantao,Flat,Xiantao_113.433640_30.402358,Xiantao_113.424656_30.411341,primary,0.19486909756775994,53785.352565463902
Xiantao,Flat,Xiantao_113.435885_30.348459,Xiantao_113.433640_30.348459,primary,0.41654922994068189,53815.01641671265
Xiantao,Flat,Xiantao_113.435885_30.355196,Xiantao_113.433640_30.348459,primary,0.56730289981314652,53811.311039367145
Xiantao,Flat,Xiantao_113.456097_30.361934,Xiantao_113.496522_30.379900,primary,0.85481825907052367,53807.604917688914
Xiantao,Flat,Xiantao_113.465081_30.355196,Xiantao_113.458343_30.334984,primary,0.8118546335401452,53811.311039367145
Xiantao,Flat,Xiantao_113.467326_30.337230,Xiantao_113.442623_30.343967,primary,0.56273744245328294,53821.190392451877
Xiantao,Flat,Xiantao_113.474064_30.402358,Xiantao_113.478555_30.402358,primary,0.25515456437394757,53785.352565463902
Xiantao,Flat,Xiantao_113.420165_30.370917,Xiantao_113.417919_30.391129,upper,0.29732700183590549,53802.662264875435
Xiantao,Flat,Xiantao_113.422411_30.346213,Xiantao_113.415673_30.346213,upper,0.56106534161327104,53816.251377577857
Xiantao,Flat,Xiantao_113.426902_30.350705,Xiantao_113.460589_30.334984,upper,0.42995656992773174,53813.781373889586
Xiantao,Flat,Xiantao_113.435885_30.350705,Xiantao_113.460589_30.346213,upper,0.49482801976496504,53813.781373889586
Xiantao,Flat,Xiantao_113.440377_30.406849,Xiantao_113.429148_30.409095,upper,0.36750201914010011,53782.878428909666
Xiantao,Flat,Xiantao_113.444869_30.395621,Xiantao_113.458343_30.409095,upper,0.19188632249346818,53789.063150489004
Xiantao,Flat,Xiantao_113.451606_30.343967,Xiantao_113.462835_30.402358,upper,0.63684050331689057,53817.486255072152
Xiantao,Flat,Xiantao_113.460589_30.355196,Xiantao_113.487539_30.391129,upper,0.61147181104760384,53811.311039367145
Xiantao,Flat,Xiantao_113.462835_30.337230,Xiantao_113.485293_30.348459,upper,0.2453577218059742,53821.190392628516
Xiantao,Flat,Xiantao_113.489784_30.373163,Xiantao_113.476310_30.397866,upper,0.25814420330462834,53801.426394878625
Xiaogan,Transitional,Xiaogan_113.880551_30.936855,Xiaogan_113.878306_30.936855,moderate,0.65638114143618587,53488.613934218898
Xiaogan,Transitional,Xiaogan_113.900764_30.925627,Xiaogan_113.900764_30.916643,moderate,0.22214279833115283,53494.895898435716
Xiaogan,Transitional,Xiaogan_113.903009_30.894186,Xiaogan_113.891780_30.891940,moderate,0.5622096497349035,53512.474466054562
Xiaogan,Transitional,Xiaogan_113.914238_30.896431,Xiaogan_113.914238_30.891940,moderate,0.14374911448462502,53511.219388422753
Xiaogan,Transitional,Xiaogan_113.920976_30.984017,Xiaogan_113.950171_30.972788,moderate,0.55670077213493063,53462.207253668799
Xiaogan,Transitional,Xiaogan_113.941188_30.923381,Xiaogan_113.938942_30.936855,moderate,0.59428329268421409,53496.152044698989
Xiaogan,Transitional,Xiaogan_113.950171_30.909906,Xiaogan_113.968137_30.925627,moderate,0.24169120873973515,53503.68719621803
Xiaogan,Transitional,Xiaogan_113.952417_30.925627,Xiaogan_113.952417_30.909906,moderate,0.29137221952549847,53494.895898435716
Xiaogan,Transitional,Xiaogan_113.959154_30.916643,Xiaogan_113.909747_30.891940,moderate,0.34113777392900824,53499.919990328643
Xiaogan,Transitional,Xiaogan_113.986104_30.932364,Xiaogan_113.990595_30.939101,moderate,0.28279527343590244,53491.126966662348
Xiaogan,Transitional,Xiaogan_113.862585_30.925627,Xiaogan_113.947925_30.975034,primary,0.71680958204827716,53494.895898435716
Xiaogan,Transitional,Xiaogan_113.885043_30.948084,Xiaogan_113.945679_30.975034,primary,0.51625529424962202,53482.329915756796
Xiaogan,Transitional,Xiaogan_113.894026_30.941347,Xiaogan_113.909747_30.961559,primary,0.24421729752629548,53486.100573414144
Xiaogan,Transitional,Xiaogan_113.896272_30.921135,Xiaogan_113.932205_30.961559,primary,0.60139949442478335,53497.408108827782
Xiaogan,Transitional,Xiaogan_113.896272_30.959313,Xiaogan_113.909747_30.981771,primary,0.39195847956967028,53476.04384304941
Xiaogan,Transitional,Xiaogan_113.898518_30.943593,Xiaogan_113.896272_30.963805,primary,1.1102642945782093,53484.843769721723
Xiaogan,Transitional,Xiaogan_113.903009_30.970542,Xiaogan_113.909747_30.963805,primary,0.17214674226991225,53469.755716450003
Xiaogan,Transitional,Xiaogan_113.936696_30.972788,Xiaogan_113.943434_30.975034,primary,0.25089221596427236,53468.497844832651
Xiaogan,Transitional,Xiaogan_113.943434_30.959313,Xiaogan_113.909747_30.961559,primary,0.29584088202682257,53476.043843226042
Xiaogan,Transitional,Xiaogan_113.954662_30.925627,Xiaogan_113.968137_30.918889,primary,0.31311656827552692,53494.895898612347
Xiaogan,Transitional,Xiaogan_113.860339_30.930118,Xiaogan_113.862585_30.927872,upper,0.15729567602975864,53492.383359152445
Xiaogan,Transitional,Xiaogan_113.916484_30.903169,Xiaogan_113.914238_30.896431,upper,0.36914336036133377,53507.453662190528
Xiaogan,Transitional,Xiaogan_113.929959_30.959313,Xiaogan_113.887289_30.939101,upper,0.55674240655556284,53476.043843226042
Xiaogan,Transitional,Xiaogan_113.941188_30.963805,Xiaogan_113.907501_30.961559,upper,0.38202125121795999,53473.528838848433
Xiaogan,Transitional,Xiaogan_113.952417_30.925627,Xiaogan_113.963646_30.925627,upper,0.51532856026801444,53494.895898435716
Xiaogan,Transitional,Xiaogan_113.952417_30.936855,Xiaogan_113.947925_30.950330,upper,0.34948972045147148,53488.613934218898
Xiaogan,Transitional,Xiaogan_113.959154_30.945839,Xiaogan_113.956908_30.950330,upper,0.24935721616470088,53483.586883894823
Xiaogan,Transitional,Xiaogan_113.972629_30.941347,Xiaogan_113.972629_30.930118,upper,0.28808920716289443,53486.100573414144
Xiaogan,Transitional,Xiaogan_113.979366_30.927872,Xiaogan_113.992841_30.950330,upper,0.33900434279084235,53493.639669861324
Xiaogan,Transitional,Xiaogan_113.981612_30.934610,Xiaogan_113.990595_30.950330,upper,0.36866118007352788,53489.870491684502
Xinyu,Transitional,Xinyu_114.911368_27.790506,Xinyu_114.893402_27.797244,moderate,0.55645319887108868,55167.594510297211
Xinyu,Transitional,Xinyu_114.938318_27.790506,Xinyu_114.969759_27.819701,moderate,0.64432378360759379,55167.594510208895
Xinyu,Transitional,Xinyu_114.958530_27.774786,Xinyu_115.028149_27.824193,moderate,0.49006806200283859,55175.56985090096
Xinyu,Transitional,Xinyu_114.960776_27.777031,Xinyu_114.960776_27.774786,moderate,0.28024296917372349,55174.4307709188
Xinyu,Transitional,Xinyu_114.972005_27.830930,Xinyu_114.987725_27.846651,moderate,0.2767677646534939,55147.067422422137
Xinyu,Transitional,Xinyu_114.989971_27.860126,Xinyu_114.983233_27.857880,moderate,0.23741312799130435,55132.225230605385
Xinyu,Transitional,Xinyu_114.992217_27.846651,Xinyu_114.989971_27.846651,moderate,0.14998837325088202,55139.07725212806
Xinyu,Transitional,Xinyu_115.001200_27.833176,Xinyu_115.028149_27.855634,moderate,0.34521069128077153,55145.926223900169
Xinyu,Transitional,Xinyu_115.014675_27.828685,Xinyu_115.028149_27.833176,moderate,0.18562341305846092,55148.208536601705
Xinyu,Transitional,Xinyu_115.023658_27.826439,Xinyu_114.980988_27.815210,moderate,0.30125938237621697,55149.349565732336
Xinyu,Transitional,Xinyu_114.882173_27.799489,Xinyu_114.902385_27.799489,primary,0.44113859132989713,55163.03530806637
Xinyu,Transitional,Xinyu_114.886665_27.786015,Xinyu_114.906877_27.801735,primary,0.70847963939584369,55169.87360288536
Xinyu,Transitional,Xinyu_114.927089_27.783769,Xinyu_114.909122_27.774786,primary,0.27859981645738835,55171.013022091778
Xinyu,Transitional,Xinyu_114.958530_27.821947,Xinyu_115.023658_27.833176,primary,0.54520084865052099,55151.631370259864
Xinyu,Transitional,Xinyu_114.967513_27.812964,Xinyu_114.938318_27.774786,primary,0.47556284554091582,55156.193962260375
Xinyu,Transitional,Xinyu_114.974250_27.835422,Xinyu_114.985479_27.833176,primary,0.19199554963363266,55144.784940240948
Xinyu,Transitional,Xinyu_114.976496_27.830930,Xinyu_114.985479_27.833176,primary,0.38528276257608984,55147.067422422137
Xinyu,Transitional,Xinyu_114.976496_27.833176,Xinyu_114.976496_27.839914,primary,0.48377374401821377,55145.926223900169
Xinyu,Transitional,Xinyu_114.998954_27.837668,Xinyu_114.985479_27.835422,primary,0.36444919198553238,55143.643572062698
Xinyu,Transitional,Xinyu_115.003446_27.848897,Xinyu_114.974250_27.842159,primary,0.12487960854994241,55137.935460294837
Xinyu,Transitional,Xinyu_114.882173_27.794998,Xinyu_114.886665_27.801735,upper,0.41790250736006102,55165.315078661442
Xinyu,Transitional,Xinyu_114.891156_27.786015,Xinyu_114.906877_27.803981,upper,0.48308694061134877,55169.873602797044
Xinyu,Transitional,Xinyu_114.938318_27.765803,Xinyu_114.954038_27.765803,upper,0.12321669795046412,55180.125323696295
Xinyu,Transitional,Xinyu_114.969759_27.839914,Xinyu_114.980988_27.833176,upper,0.30284523911863448,55142.502119188779
Xinyu,Transitional,Xinyu_114.985479_27.844405,Xinyu_114.985479_27.835422,upper,0.27725038340476749,55140.218959177299
Xinyu,Transitional,Xinyu_114.989971_27.846651,Xinyu_114.969759_27.821947,upper,0.37707192528577871,55139.077252039744
Xinyu,Transitional,Xinyu_114.989971_27.851142,Xinyu_114.976496_27.848897,upper,0.45502748967985879,55136.793583942577
Xinyu,Transitional,Xinyu_114.994462_27.860126,Xinyu_114.976496_27.853388,upper,0.42888930590465224,55132.225230693701
Xinyu,Transitional,Xinyu_115.003446_27.837668,Xinyu_115.037132_27.826439,upper,0.36156486093639978,55143.643572062698
Xinyu,Transitional,Xinyu_115.019166_27.842159,Xinyu_115.023658_27.842159,upper,0.26197441756374029,55141.360581530877
Yichang,Mountainous,Yichang_111.313616_30.766176,Yichang_111.322599_30.748209,moderate,0.38044667053250492,53583.877932530231
Yichang,Mountainous,Yichang_111.322599_30.734735,Yichang_111.333828_30.721260,moderate,0.33968258468338913,53601.374724759829
Yichang,Mountainous,Yichang_111.324844_30.750455,Yichang_111.327090_30.750455,moderate,0.16097856419432516,53592.628345709003
Yichang,Mountainous,Yichang_111.324844_30.781896,Yichang_111.306878_30.725751,moderate,0.57508458095896597,53575.123485223507
Yichang,Mountainous,Yichang_111.333828_30.786388,Yichang_111.333828_30.766176,moderate,0.30393814289932408,53572.621473814841
Yichang,Mountainous,Yichang_111.358531_30.647149,Yichang_111.363023_30.642657,moderate,0.2056964676265631,53650.030662212979
Yichang,Mountainous,Yichang_111.372006_30.667361,Yichang_111.309124_30.694310,moderate,0.74371585505966242,53638.813492219269
Yichang,Mountainous,Yichang_111.383235_30.656132,Yichang_111.331582_30.703294,moderate,0.90723963836013877,53645.046077537118
Yichang,Mountainous,Yichang_111.398955_30.649395,Yichang_111.387727_30.656132,moderate,0.45786395846460037,53648.784639863959
Yichang,Mountainous,Yichang_111.398955_30.667361,Yichang_111.389972_30.676344,moderate,0.20936984699862665,53638.813492219269
Yichang,Mountainous,Yichang_111.302387_30.772913,Yichang_111.288912_30.768421,primary,0.84662892747070084,53580.126520307407
Yichang,Mountainous,Yichang_111.309124_30.734735,Yichang_111.313616_30.727997,primary,0.29331473827112697,53601.374724583191
Yichang,Mountainous,Yichang_111.315861_30.745963,Yichang_111.257471_30.712277,primary,1.6648333951254388,53595.127722808618
Yichang,Mountainous,Yichang_111.329336_30.725751,Yichang_111.336073_30.761684,primary,0.30713458568252139,53606.370843590215
Yichang,Mountainous,Yichang_111.336073_30.788633,Yichang_111.351794_30.788633,primary,0.51435946563947521,53571.370344467206
Yichang,Mountainous,Yichang_111.354040_30.662869,Yichang_111.351794_30.665115,primary,0.57252029853837505,53641.306773527052
Yichang,Mountainous,Yichang_111.358531_30.629183,Yichang_111.380989_30.633674,primary,0.36877781266351961,53659.995874978777
Yichang,Mountainous,Yichang_111.360777_30.804354,Yichang_111.367514_30.806600,primary,0.43346306541221835,53562.610135735478
Yichang,Mountainous,Yichang_111.369760_30.638166,Yichang_111.378743_30.638166,primary,0.24570374430014641,53655.013928144625
Yichang,Mountainous,Yichang_111.403447_30.642657,Yichang_111.383235_30.644903,primary,0.42475862596621922,53652.522460154301
Yichang,Mountainous,Yichang_111.300141_30.761684,Yichang_111.311370_30.763930,upper,0.35642846395191291,53586.378462162131
Yichang,Mountainous,Yichang_111.309124_30.748209,Yichang_111.313616_30.757192,upper,0.38070135449965309,53593.878075414374
Yichang,Mountainous,Yichang_111.313616_30.674098,Yichang_111.318107_30.703294,upper,0.72077022321334205,53635.072952305993
Yichang,Mountainous,Yichang_111.318107_30.752701,Yichang_111.315861_30.784142,upper,0.46509830571941713,53591.378533692521
Yichang,Mountainous,Yichang_111.322599_30.730243,Yichang_111.309124_30.723506,upper,0.25977799286368974,53603.872948973891
Yichang,Mountainous,Yichang_111.322599_30.763930,Yichang_111.311370_30.761684,upper,0.36980522245594755,53585.128238590056
Yichang,Mountainous,Yichang_111.338319_30.759438,Yichang_111.340565_30.707785,upper,0.34763942802288356,53587.628603599725
Yichang,Mountainous,Yichang_111.351794_30.647149,Yichang_111.318107_30.745963,upper,1.1353455316599173,53650.030662212979
Yichang,Mountainous,Yichang_111.369760_30.667361,Yichang_111.383235_30.642657,upper,0.26725254911386226,53638.813492219269
Yichang,Mountainous,Yichang_111.372006_30.662869,Yichang_111.331582_30.712277,upper,0.59223728236607998,53641.306773703684
Yichun,Hilly,Yichun_114.340938_27.821947,Yichun_114.408312_27.830930,moderate,0.3743671575793705,55151.631370259864
Yichun,Hilly,Yichun_114.343184_27.819701,Yichun_114.457719_27.799489,moderate,0.23300647984401995,55152.772145303497
Yichun,Hilly,Yichun_114.358904_27.794998,Yichun_114.336446_27.801735,moderate,0.50476499010112952,55165.315078573127
Yichun,Hilly,Yichun_114.367888_27.821947,Yichun_114.331955_27.812964,moderate,0.29150631756298323,55151.631370259864
Yichun,Hilly,Yichun_114.370133_27.772540,Yichun_114.367888_27.772540,moderate,0.23755034247914067,55176.708846275767
Yichun,Hilly,Yichun_114.392591_27.835422,Yichun_114.437507_27.835422,moderate,0.28065789045991402,55144.784940329271
Yichun,Hilly,Yichun_114.394837_27.783769,Yichun_114.403820_27.783769,moderate,0.28760422885530451,55171.013022003455
Yichun,Hilly,Yichun_114.401574_27.873600,Yichun_114.410557_27.857880,moderate,0.52430153254519585,55125.370160038678
Yichun,Hilly,Yichun_114.403820_27.790506,Yichun_114.347675_27.817456,moderate,0.66115172236632602,55167.594510385527
Yichun,Hilly,Yichun_114.441999_27.808473,Yichun_114.446490_27.801735,moderate,0.18888865211628156,55158.474749909998
Yichun,Hilly,Yichun_114.343184_27.842159,Yichun_114.358904_27.844405,primary,0.44768597445710895,55141.360581530877
Yichun,Hilly,Yichun_114.349921_27.806227,Yichun_114.397083_27.788260,primary,0.58033444192383388,55159.615016514668
Yichun,Hilly,Yichun_114.358904_27.810718,Yichun_114.343184_27.808473,primary,0.25814373415109559,55157.33439843302
Yichun,Hilly,Yichun_114.376871_27.824193,Yichun_114.372379_27.830930,primary,0.18702195419437917,55150.490510520569
Yichun,Hilly,Yichun_114.381362_27.824193,Yichun_114.365642_27.821947,primary,0.18180915067217751,55150.490510520569
Yichun,Hilly,Yichun_114.383608_27.786015,Yichun_114.390345_27.781523,primary,0.69008110189684424,55169.87360288536
Yichun,Hilly,Yichun_114.385854_27.772540,Yichun_114.424032_27.781523,primary,0.68211338177581571,55176.708846364083
Yichun,Hilly,Yichun_114.388100_27.833176,Yichun_114.347675_27.837668,primary,0.3232431395979502,55145.926223900169
Yichun,Hilly,Yichun_114.417295_27.830930,Yichun_114.415049_27.830930,primary,0.3859434856127974,55147.067422422137
Yichun,Hilly,Yichun_114.437507_27.808473,Yichun_114.448736_27.803981,primary,0.29826905074302323,55158.474749909998
Yichun,Hilly,Yichun_114.340938_27.806227,Yichun_114.365642_27.812964,upper,0.41605347039630031,55159.615016602984
Yichun,Hilly,Yichun_114.345430_27.824193,Yichun_114.365642_27.821947,upper,0.24064283063273609,55150.490510520569
Yichun,Hilly,Yichun_114.354413_27.819701,Yichun_114.363396_27.819701,upper,0.44908427541471069,55152.772145303497
Yichun,Hilly,Yichun_114.372379_27.777031,Yichun_114.385854_27.779277,upper,0.73193978427372708,55174.4307709188
Yichun,Hilly,Yichun_114.383608_27.777031,Yichun_114.408312_27.779277,upper,0.44886812446689667,55174.4307709188
Yichun,Hilly,Yichun_114.390345_27.774786,Yichun_114.406066_27.779277,upper,0.33202687111130069,55175.569850989275
Yichun,Hilly,Yichun_114.394837_27.878092,Yichun_114.381362_27.873600,upper,0.72976330026620673,55123.084458980535
Yichun,Hilly,Yichun_114.403820_27.873600,Yichun_114.358904_27.853388,upper,0.47923470840842725,55125.370160126993
Yichun,Hilly,Yichun_114.410557_27.819701,Yichun_114.394837_27.821947,upper,0.29406541129299674,55152.772145391813
Yichun,Hilly,Yichun_114.446490_27.803981,Yichun_114.338692_27.812964,upper,0.2281064108500537,55160.755198423678
Yingtan,Hilly,Yingtan_117.002197_28.223943,Yingtan_117.062833_28.255384,moderate,0.36498334558233286,54946.069264352103
Yingtan,Hilly,Yingtan_117.035884_28.223943,Yingtan_117.058342_28.241910,moderate,0.28924268677587456,54946.069264440419
Yingtan,Hilly,Yingtan_117.058342_28.264368,Yingtan_116.986477_28.219452,moderate,0.58118101211805029,54925.248375154595
Yingtan,Hilly,Yingtan_117.083045_28.277842,Yingtan_117.094274_28.286825,moderate,0.16212170248090471,54918.302002569886
Yingtan,Hilly,Yingtan_117.159402_28.264368,Yingtan_117.179614_28.277842,moderate,0.58786413401646853,54925.248375154595
Yingtan,Hilly,Yingtan_117.168385_28.277842,Yingtan_117.168385_28.280088,moderate,0.76585232548037396,54918.302002658202
Yingtan,Hilly,Yingtan_117.181860_28.275596,Yingtan_117.199826_28.273351,moderate,0.36411645233451229,54919.459942219444
Yingtan,Hilly,Yingtan_117.215547_28.284580,Yingtan_117.181860_28.277842,moderate,0.69382201439500513,54914.827677213536
Yingtan,Hilly,Yingtan_117.231267_28.293563,Yingtan_117.231267_28.289071,moderate,0.6951325651059812,54910.194062110997
Yingtan,Hilly,Yingtan_117.240251_28.293563,Yingtan_117.220039_28.298054,moderate,0.73373354924666734,54910.194062110997
Yingtan,Hilly,Yingtan_117.004443_28.221698,Yingtan_117.008934_28.214960,primary,0.38014806019350322,54947.225178635919
Yingtan,Hilly,Yingtan_117.013426_28.221698,Yingtan_117.047113_28.226189,primary,0.41697933035272816,54947.225178724235
Yingtan,Hilly,Yingtan_117.031392_28.221698,Yingtan_117.011180_28.217206,primary,0.4568646566915584,54947.225178635919
Yingtan,Hilly,Yingtan_117.031392_28.250893,Yingtan_117.083045_28.286825,primary,0.70719796923997713,54932.191709999803
Yingtan,Hilly,Yingtan_117.040375_28.217206,Yingtan_117.044867_28.230681,primary,0.31623115388737638,54949.53675373477
Yingtan,Hilly,Yingtan_117.042621_28.259876,Yingtan_117.013426_28.239664,primary,0.34302405428357446,54927.563157737553
Yingtan,Hilly,Yingtan_117.049359_28.239664,Yingtan_117.074062_28.282334,primary,0.56353094425484074,54937.975501453395
Yingtan,Hilly,Yingtan_117.056096_28.266613,Yingtan_117.058342_28.255384,primary,0.86992601480462661,54924.090857393676
Yingtan,Hilly,Yingtan_117.069571_28.259876,Yingtan_117.078554_28.275596,primary,0.66146251662360678,54927.563157737553
Yingtan,Hilly,Yingtan_117.240251_28.293563,Yingtan_117.179614_28.284580,primary,0.86764041267873759,54910.194062110997
Yingtan,Hilly,Yingtan_116.984231_28.217206,Yingtan_117.083045_28.273351,upper,0.51549610676028079,54949.53675373477
Yingtan,Hilly,Yingtan_117.062833_28.271105,Yingtan_117.053850_28.273351,upper,0.50544341316441799,54921.77556857968
Yingtan,Hilly,Yingtan_117.152665_28.275596,Yingtan_117.179614_28.286825,upper,0.32716319274677208,54919.459942219444
Yingtan,Hilly,Yingtan_117.168385_28.273351,Yingtan_117.175123_28.282334,upper,0.36377388861364235,54920.617797614919
Yingtan,Hilly,Yingtan_117.181860_28.289071,Yingtan_117.159402_28.289071,upper,0.33544653615016845,54912.511038391225
Yingtan,Hilly,Yingtan_117.197581_28.275596,Yingtan_117.217793_28.273351,upper,0.68087674982166035,54919.459942219444
Yingtan,Hilly,Yingtan_117.204318_28.300300,Yingtan_117.143682_28.280088,upper,0.38456358177461997,54906.71796512264
Yingtan,Hilly,Yingtan_117.220039_28.277842,Yingtan_117.220039_28.298054,upper,0.54438269380945226,54918.302002569886
Yingtan,Hilly,Yingtan_117.222284_28.284580,Yingtan_117.175123_28.275596,upper,0.65091762317766821,54914.827677213536
Yingtan,Hilly,Yingtan_117.229022_28.286825,Yingtan_117.179614_28.282334,upper,0.85860640148584055,54913.669400017738
Yiyang,Transitional,Yiyang_112.274813_28.598990,Yiyang_112.292779_28.603482,moderate,0.38306999660080326,54751.848776313112
Yiyang,Transitional,Yiyang_112.292779_28.614710,Yiyang_112.263584_28.625939,moderate,0.251675299967628,54743.656511558125
Yiyang,Transitional,Yiyang_112.319729_28.625939,Yiyang_112.304008_28.632677,moderate,0.16848999254854402,54737.802370505276
Yiyang,Transitional,Yiyang_112.330958_28.551828,Yiyang_112.333203_28.551828,moderate,0.42466153630753467,54776.400837676803
Yiyang,Transitional,Yiyang_112.333203_28.558566,Yiyang_112.333203_28.567549,moderate,0.19622026385512126,54772.895672234496
Yiyang,Transitional,Yiyang_112.339941_28.623694,Yiyang_112.355661_28.619202,moderate,0.62934090962500655,54738.973366800099
Yiyang,Transitional,Yiyang_112.339941_28.625939,Yiyang_112.335449_28.637168,moderate,0.16633079282455071,54737.802370505276
Yiyang,Transitional,Yiyang_112.344432_28.558566,Yiyang_112.389348_28.551828,moderate,1.2752554567873993,54772.89567214618
Yiyang,Transitional,Yiyang_112.378119_28.554074,Yiyang_112.319729_28.585515,moderate,0.45083411731766632,54775.232533185168
Yiyang,Transitional,Yiyang_112.384857_28.554074,Yiyang_112.373628_28.554074,moderate,0.34080196341912794,54775.232533185168
Yiyang,Transitional,Yiyang_112.243372_28.623694,Yiyang_112.254601_28.614710,primary,0.16764863823306764,54738.973366800099
Yiyang,Transitional,Yiyang_112.297271_28.637168,Yiyang_112.308500_28.637168,primary,0.20420709954467722,54731.94612716289
Yiyang,Transitional,Yiyang_112.321974_28.637168,Yiyang_112.312991_28.637168,primary,0.099916349083701311,54731.946127074567
Yiyang,Transitional,Yiyang_112.364644_28.572041,Yiyang_112.389348_28.551828,primary,0.70876995462706993,54765.883069050782
Yiyang,Transitional,Yiyang_112.364644_28.594498,Yiyang_112.366890_28.610219,primary,0.37103382194631629,54754.188666348258
Yiyang,Transitional,Yiyang_112.373628_28.603482,Yiyang_112.348924_28.628185,primary,0.27209732640965756,54749.508549791535
Yiyang,Transitional,Yiyang_112.378119_28.542845,Yiyang_112.371382_28.560812,primary,0.21852753278312478,54781.073213367446
Yiyang,Transitional,Yiyang_112.380365_28.563057,Yiyang_112.357907_28.558566,primary,0.70729807877998518,54770.558474355799
Yiyang,Transitional,Yiyang_112.387102_28.549583,Yiyang_112.319729_28.632677,primary,0.54415502444913466,54777.569057826033
Yiyang,Transitional,Yiyang_112.393840_28.554074,Yiyang_112.375873_28.565303,primary,0.1173329648472984,54775.232533185168
Yiyang,Transitional,Yiyang_112.312991_28.619202,Yiyang_112.290533_28.630431,upper,0.22482617329016871,54741.315107334012
Yiyang,Transitional,Yiyang_112.344432_28.610219,Yiyang_112.389348_28.558566,upper,0.33268504415201267,54745.997579030853
Yiyang,Transitional,Yiyang_112.364644_28.569795,Yiyang_112.346678_28.554074,upper,0.64213969598612575,54767.052046691926
Yiyang,Transitional,Yiyang_112.380365_28.531616,Yiyang_112.362399_28.536108,upper,0.22829680357323634,54786.911789670485
Yiyang,Transitional,Yiyang_112.380365_28.598990,Yiyang_112.346678_28.625939,upper,0.63407769804175695,54751.848776401428
Yiyang,Transitional,Yiyang_112.382611_28.594498,Yiyang_112.344432_28.623694,upper,0.26577118124292637,54754.188666348258
Yiyang,Transitional,Yiyang_112.389348_28.569795,Yiyang_112.389348_28.551828,upper,0.60931585479059291,54767.052046603611
Yiyang,Transitional,Yiyang_112.400577_28.556320,Yiyang_112.328712_28.616956,upper,0.30847005907525893,54774.064144881027
Yiyang,Transitional,Yiyang_112.402823_28.558566,Yiyang_112.344432_28.623694,upper,0.44125924470348943,54772.89567214618
Yiyang,Transitional,Yiyang_112.405069_28.545091,Yiyang_112.373628_28.554074,upper,0.51262848880344025,54779.905245715519
Yongzhou,Hilly,Yongzhou_111.569635_26.452016,Yongzhou_111.567390_26.465491,moderate,0.53846145294962566,55831.699970713205
Yongzhou,Hilly,Yongzhou_111.592093_26.469983,Yongzhou_111.587602_26.474474,moderate,0.45172907090761782,55822.986750590302
Yongzhou,Hilly,Yongzhou_111.594339_26.467737,Yongzhou_111.587602_26.474474,moderate,0.36761059509344512,55824.07620332708
Yongzhou,Hilly,Yongzhou_111.596585_26.434050,Yongzhou_111.594339_26.425067,moderate,0.61143822135553139,55840.407700984804
Yongzhou,Hilly,Yongzhou_111.598831_26.472229,Yongzhou_111.578619_26.469983,moderate,0.49313843414024705,55821.897212098062
Yongzhou,Hilly,Yongzhou_111.603322_26.436296,Yongzhou_111.607814_26.434050,moderate,0.49075202460706036,55839.319534933304
Yongzhou,Hilly,Yongzhou_111.607814_26.404855,Yongzhou_111.603322_26.395872,moderate,0.57662326524435403,55854.546051932484
Yongzhou,Hilly,Yongzhou_111.616797_26.413838,Yongzhou_111.580864_26.420575,moderate,0.56497758290422206,55850.197334509277
Yongzhou,Hilly,Yongzhou_111.621289_26.429559,Yongzhou_111.621289_26.434050,moderate,0.41506737102416219,55842.583775556443
Yongzhou,Hilly,Yongzhou_111.623534_26.425067,Yongzhou_111.623534_26.436296,moderate,0.80392245926616812,55844.759507282848
Yongzhou,Hilly,Yongzhou_111.574127_26.440787,Yongzhou_111.569635_26.465491,primary,0.3516888084650211,55837.142945387277
Yongzhou,Hilly,Yongzhou_111.576373_26.463245,Yongzhou_111.592093_26.465491,primary,0.41450334683044698,55826.254851357597
Yongzhou,Hilly,Yongzhou_111.585356_26.476720,Yongzhou_111.562898_26.440787,primary,0.66218027298489768,55819.717877758856
Yongzhou,Hilly,Yongzhou_111.587602_26.411592,Yongzhou_111.596585_26.395872,primary,0.32527917842421616,55851.284642652834
Yongzhou,Hilly,Yongzhou_111.592093_26.485703,Yongzhou_111.594339_26.483457,primary,0.47575383042771646,55815.358180279793
Yongzhou,Hilly,Yongzhou_111.596585_26.398118,Yongzhou_111.623534_26.436296,primary,0.75627421361008329,55857.806688883022
Yongzhou,Hilly,Yongzhou_111.596585_26.485703,Yongzhou_111.580864_26.472229,primary,0.59199206158865947,55815.358180368108
Yongzhou,Hilly,Yongzhou_111.598831_26.469983,Yongzhou_111.589847_26.467737,primary,0.56938108775895613,55822.986750501987
Yongzhou,Hilly,Yongzhou_111.601076_26.431804,Yongzhou_111.612305_26.407101,primary,0.6842112767701658,55841.495781192512
Yongzhou,Hilly,Yongzhou_111.612305_26.427313,Yongzhou_111.605568_26.398118,primary,0.717609089309311,55843.671684429857
Yongzhou,Hilly,Yongzhou_111.574127_26.449771,Yongzhou_111.567390_26.449771,upper,0.409471734484116,55832.788737141287
Yongzhou,Hilly,Yongzhou_111.580864_26.440787,Yongzhou_111.576373_26.429559,upper,0.50456723082589894,55837.142945387277
Yongzhou,Hilly,Yongzhou_111.594339_26.416084,Yongzhou_111.576373_26.429559,upper,0.7193279098400569,55849.109940698567
Yongzhou,Hilly,Yongzhou_111.596585_26.474474,Yongzhou_111.594339_26.483457,upper,0.74758584020301033,55820.807587850351
Yongzhou,Hilly,Yongzhou_111.603322_26.469983,Yongzhou_111.594339_26.483457,upper,0.40433577193864967,55822.986750590302
Yongzhou,Hilly,Yongzhou_111.607814_26.443033,Yongzhou_111.612305_26.452016,upper,0.68374952423470847,55836.054521981059
Yongzhou,Hilly,Yongzhou_111.610060_26.465491,Yongzhou_111.598831_26.485703,upper,1.2793847505336009,55825.165570220073
Yongzhou,Hilly,Yongzhou_111.614551_26.425067,Yongzhou_111.576373_26.429559,upper,0.63960298274003413,55844.759507282848
Yongzhou,Hilly,Yongzhou_111.616797_26.411592,Yongzhou_111.610060_26.431804,upper,0.4060193691933327,55851.284642564518
Yongzhou,Hilly,Yongzhou_111.619043_26.431804,Yongzhou_111.621289_26.458754,upper,0.51567728520588163,55841.495781192512
Yueyang,Flat,Yueyang_113.087788_29.362558,Yueyang_113.085542_29.358066,moderate,0.75587352687195775,54349.188666665672
Yueyang,Flat,Yueyang_113.096771_29.369295,Yueyang_113.090034_29.391753,moderate,0.33097550812575177,54345.592716829255
Yueyang,Flat,Yueyang_113.161899_29.331117,Yueyang_113.179866_29.400736,moderate,0.7557235133961846,54365.959828188978
Yueyang,Flat,Yueyang_113.164145_29.411965,Yueyang_113.166391_29.407474,moderate,0.42307976521815377,54322.800920322225
Yueyang,Flat,Yueyang_113.166391_29.337854,Yueyang_113.168637_29.324380,moderate,0.6442756577917873,54362.367385936639
Yueyang,Flat,Yueyang_113.166391_29.425440,Yueyang_113.157408_29.409720,moderate,0.31519494859277791,54315.597250601088
Yueyang,Flat,Yueyang_113.175374_29.349083,Yueyang_113.087788_29.337854,moderate,1.0109386282373065,54356.378311702741
Yueyang,Flat,Yueyang_113.175374_29.369295,Yueyang_113.170882_29.387262,moderate,0.43350134178677635,54345.592716829255
Yueyang,Flat,Yueyang_113.179866_29.358066,Yueyang_113.182111_29.358066,moderate,0.41882625528527517,54351.585548936615
Yueyang,Flat,Yueyang_113.179866_29.468110,Yueyang_113.170882_29.461373,moderate,0.21003197844847241,54292.765813518854
Yueyang,Flat,Yueyang_113.085542_29.373787,Yueyang_113.078805_29.358066,primary,1.3834186730190932,54343.194999701009
Yueyang,Flat,Yueyang_113.094526_29.380524,Yueyang_113.085542_29.328871,primary,0.38673251663449815,54339.597797446171
Yueyang,Flat,Yueyang_113.128212_29.353575,Yueyang_113.108000_29.346837,primary,0.3583801757493606,54353.982097370623
Yueyang,Flat,Yueyang_113.137196_29.335608,Yueyang_113.119229_29.344592,primary,0.42907252925093964,54363.564950264408
Yueyang,Flat,Yueyang_113.148425_29.340100,Yueyang_113.161899_29.344592,primary,0.3286581449741075,54361.169738061319
Yueyang,Flat,Yueyang_113.159653_29.427686,Yueyang_113.069822_29.326625,primary,0.7720144061617894,54314.396347020775
Yueyang,Flat,Yueyang_113.170882_29.407474,Yueyang_113.146179_29.425440,primary,0.46627822317912221,54325.201475682654
Yueyang,Flat,Yueyang_113.170882_29.411965,Yueyang_113.108000_29.344592,primary,0.52190851304034747,54322.800920233909
Yueyang,Flat,Yueyang_113.175374_29.346837,Yueyang_113.161899_29.322134,primary,0.29098838007859773,54357.576293415004
Yueyang,Flat,Yueyang_113.179866_29.378278,Yueyang_113.182111_29.391753,primary,0.63921044359290979,54340.796948382565
Yueyang,Flat,Yueyang_113.087788_29.387262,Yueyang_113.081051_29.342346,upper,0.73180775634471673,54335.999843881596
Yueyang,Flat,Yueyang_113.092280_29.380524,Yueyang_113.074313_29.328871,upper,0.5097617217503343,54339.597797446171
Yueyang,Flat,Yueyang_113.094526_29.371541,Yueyang_113.085542_29.326625,upper,0.67468271963177029,54344.393899906434
Yueyang,Flat,Yueyang_113.141687_29.427686,Yueyang_113.105755_29.342346,upper,0.47429041984714893,54314.396346932459
Yueyang,Flat,Yueyang_113.143933_29.344592,Yueyang_113.139441_29.319888,upper,0.3076315099726899,54358.774192021294
Yueyang,Flat,Yueyang_113.150670_29.322134,Yueyang_113.152916_29.322134,upper,0.48999674612860972,54370.74858190908
Yueyang,Flat,Yueyang_113.161899_29.420948,Yueyang_113.146179_29.425440,upper,0.44807382033203202,54317.998807737284
Yueyang,Flat,Yueyang_113.168637_29.396245,Yueyang_113.161899_29.387262,upper,0.3465257071964527,54331.201403856234
Yueyang,Flat,Yueyang_113.170882_29.429932,Yueyang_113.170882_29.434423,upper,0.75284399500319366,54313.195360069541
Yueyang,Flat,Yueyang_113.179866_29.411965,Yueyang_113.179866_29.402982,upper,0.33861164464735177,54322.800920233909
Zhangjiajie,Mountainous,Zhangjiajie_110.442250_29.135733,Zhangjiajie_110.493903_29.111030,moderate,0.94523931983743992,54469.813452063616
Zhangjiajie,Mountainous,Zhangjiajie_110.462462_29.126750,Zhangjiajie_110.491657_29.137979,moderate,0.59902951274416993,54474.57310986329
Zhangjiajie,Mountainous,Zhangjiajie_110.464708_29.115521,Zhangjiajie_110.466953_29.097555,moderate,0.91993149828290477,54480.520799268139
Zhangjiajie,Mountainous,Zhangjiajie_110.475937_29.102047,Zhangjiajie_110.466953_29.097555,moderate,0.38778629844949081,54487.655263973807
Zhangjiajie,Mountainous,Zhangjiajie_110.478182_29.113275,Zhangjiajie_110.471445_29.113275,moderate,1.0098547015992669,54481.710085852908
Zhangjiajie,Mountainous,Zhangjiajie_110.487165_29.108784,Zhangjiajie_110.545556_29.120013,moderate,0.83401725226821788,54484.08840820317
Zhangjiajie,Mountainous,Zhangjiajie_110.489411_29.113275,Zhangjiajie_110.529835_29.122259,moderate,0.44197991815951654,54481.710085852908
Zhangjiajie,Mountainous,Zhangjiajie_110.527590_29.122259,Zhangjiajie_110.462462_29.099801,moderate,2.3233154574915766,54476.95243672713
Zhangjiajie,Mountainous,Zhangjiajie_110.534327_29.120013,Zhangjiajie_110.541064_29.117767,moderate,0.49205605266386354,54478.141974572776
Zhangjiajie,Mountainous,Zhangjiajie_110.538819_29.115521,Zhangjiajie_110.541064_29.115521,moderate,0.66203467570229835,54480.520799268139
Zhangjiajie,Mountainous,Zhangjiajie_110.440004_29.137979,Zhangjiajie_110.491657_29.131242,primary,0.69658928164255163,54468.623328590271
Zhangjiajie,Mountainous,Zhangjiajie_110.446741_29.135733,Zhangjiajie_110.491657_29.137979,primary,0.84647923875359676,54469.813452151939
Zhangjiajie,Mountainous,Zhangjiajie_110.464708_29.106538,Zhangjiajie_110.466953_29.099801,primary,0.95364732949396991,54485.277443968655
Zhangjiajie,Mountainous,Zhangjiajie_110.464708_29.128996,Zhangjiajie_110.532081_29.124504,primary,0.73087119100573361,54473.383321198366
Zhangjiajie,Mountainous,Zhangjiajie_110.469199_29.108784,Zhangjiajie_110.523098_29.115521,primary,0.56725523949475198,54484.08840820317
Zhangjiajie,Mountainous,Zhangjiajie_110.478182_29.106538,Zhangjiajie_110.545556_29.120013,primary,0.88086870056118238,54485.277443880339
Zhangjiajie,Mountainous,Zhangjiajie_110.491657_29.137979,Zhangjiajie_110.489411_29.137979,primary,0.74797865409502284,54468.623328501948
Zhangjiajie,Mountainous,Zhangjiajie_110.496149_29.111030,Zhangjiajie_110.466953_29.099801,primary,1.8325491740432456,54482.899288801818
Zhangjiajie,Mountainous,Zhangjiajie_110.498394_29.117767,Zhangjiajie_110.471445_29.117767,primary,0.6937639977796507,54479.331428605918
Zhangjiajie,Mountainous,Zhangjiajie_110.543310_29.128996,Zhangjiajie_110.462462_29.104292,primary,1.0577735072258949,54473.38332111005
Zhangjiajie,Mountainous,Zhangjiajie_110.440004_29.126750,Zhangjiajie_110.457970_29.128996,upper,0.83263648617630559,54474.57310986329
Zhangjiajie,Mountainous,Zhangjiajie_110.440004_29.137979,Zhangjiajie_110.462462_29.117767,upper,0.99049796998561279,54468.623328590271
Zhangjiajie,Mountainous,Zhangjiajie_110.455724_29.097555,Zhangjiajie_110.464708_29.097555,upper,1.0382485453856072,54490.032749170539
Zhangjiajie,Mountainous,Zhangjiajie_110.460216_29.097555,Zhangjiajie_110.466953_29.097555,upper,0.53264010464275646,54490.032749258855
Zhangjiajie,Mountainous,Zhangjiajie_110.478182_29.115521,Zhangjiajie_110.523098_29.115521,upper,0.82123549179394217,54480.520799179823
Zhangjiajie,Mountainous,Zhangjiajie_110.482674_29.115521,Zhangjiajie_110.529835_29.122259,upper,0.61211457232431843,54480.520799179823
Zhangjiajie,Mountainous,Zhangjiajie_110.493903_29.117767,Zhangjiajie_110.529835_29.122259,upper,0.51540113411733057,54479.331428605918
Zhangjiajie,Mountainous,Zhangjiajie_110.514115_29.117767,Zhangjiajie_110.552293_29.131242,upper,0.51150285126132167,54479.331428605918
Zhangjiajie,Mountainous,Zhangjiajie_110.538819_29.117767,Zhangjiajie_110.460216_29.115521,upper,1.0265978271823804,54479.331428517602
Zhangjiajie,Mountainous,Zhangjiajie_110.547802_29.126750,Zhangjiajie_110.462462_29.104292,upper,0.93172098191901809,54474.573109774974
Zhuzhou,Transitional,Zhuzhou_113.074313_27.839914,Zhuzhou_113.074313_27.837668,moderate,0.41956607846383104,55142.502119188779
Zhuzhou,Transitional,Zhuzhou_113.125967_27.801735,Zhuzhou_113.065330_27.817456,moderate,0.32642963865997515,55161.895295637012
Zhuzhou,Transitional,Zhuzhou_113.150670_27.873600,Zhuzhou_113.159653_27.873600,moderate,0.23267287337251055,55125.370160126993
Zhuzhou,Transitional,Zhuzhou_113.152916_27.711904,Zhuzhou_113.150670_27.711904,moderate,0.46362757720055325,55207.429670665042
Zhuzhou,Transitional,Zhuzhou_113.152916_27.891567,Zhuzhou_113.130458_27.893812,moderate,0.25071001112657787,55116.225323375053
Zhuzhou,Transitional,Zhuzhou_113.155162_27.700675,Zhuzhou_113.150670_27.696183,moderate,0.40149267230915131,55213.111927733531
Zhuzhou,Transitional,Zhuzhou_113.164145_27.810718,Zhuzhou_113.175374_27.806227,moderate,0.13741181939925742,55157.33439843302
Zhuzhou,Transitional,Zhuzhou_113.164145_27.884829,Zhuzhou_113.213552_27.916270,moderate,0.42956187439391319,55119.655272352458
Zhuzhou,Transitional,Zhuzhou_113.173128_27.880338,Zhuzhou_113.090034_27.821947,moderate,0.190359978185902,55121.941481496287
Zhuzhou,Transitional,Zhuzhou_113.213552_27.905041,Zhuzhou_113.218044_27.905041,moderate,0.45119902304202714,55109.363139167108
Zhuzhou,Transitional,Zhuzhou_113.072068_27.884829,Zhuzhou_113.137196_27.902796,primary,0.40774699243293272,55119.655272352458
Zhuzhou,Transitional,Zhuzhou_113.119229_27.815210,Zhuzhou_113.119229_27.826439,primary,0.34532804329803618,55155.053441303753
Zhuzhou,Transitional,Zhuzhou_113.119229_27.873600,Zhuzhou_113.134950_27.907287,primary,0.44331814513152012,55125.370160126993
Zhuzhou,Transitional,Zhuzhou_113.137196_27.815210,Zhuzhou_113.177620_27.853388,primary,0.59032757400204994,55155.053441303753
Zhuzhou,Transitional,Zhuzhou_113.146179_27.812964,Zhuzhou_113.159653_27.806227,primary,0.35020308219046048,55156.193962172059
Zhuzhou,Transitional,Zhuzhou_113.157408_27.873600,Zhuzhou_113.166391_27.889321,primary,0.19557881164383875,55125.370160038678
Zhuzhou,Transitional,Zhuzhou_113.168637_27.878092,Zhuzhou_113.179866_27.857880,primary,0.35990124584949618,55123.084458980535
Zhuzhou,Transitional,Zhuzhou_113.175374_27.783769,Zhuzhou_113.197832_27.803981,primary,0.27741593584177449,55171.013022003455
Zhuzhou,Transitional,Zhuzhou_113.188849_27.871355,Zhuzhou_113.184357_27.844405,primary,0.18841073892762317,55126.512883612559
Zhuzhou,Transitional,Zhuzhou_113.213552_27.902796,Zhuzhou_113.179866_27.828685,primary,0.24305271497763664,55110.507048038759
Zhuzhou,Transitional,Zhuzhou_113.074313_27.826439,Zhuzhou_113.076559_27.826439,upper,0.55003209562956512,55149.349565732336
Zhuzhou,Transitional,Zhuzhou_113.087788_27.837668,Zhuzhou_113.096771_27.824193,upper,0.3930779473017752,55143.643571974382
Zhuzhou,Transitional,Zhuzhou_113.108000_27.833176,Zhuzhou_113.090034_27.830930,upper,0.30627544172832177,55145.926223900169
Zhuzhou,Transitional,Zhuzhou_113.119229_27.702920,Zhuzhou_113.168637_27.781523,upper,0.3870908375310031,55211.975645976119
Zhuzhou,Transitional,Zhuzhou_113.125967_27.853388,Zhuzhou_113.161899_27.889321,upper,0.55723652348589081,55135.651622629703
Zhuzhou,Transitional,Zhuzhou_113.148425_27.891567,Zhuzhou_113.148425_27.889321,upper,0.17707483793016732,55116.225323375053
Zhuzhou,Transitional,Zhuzhou_113.152916_27.882584,Zhuzhou_113.094526_27.828685,upper,0.33486734991950862,55120.798419051411
Zhuzhou,Transitional,Zhuzhou_113.166391_27.801735,Zhuzhou_113.177620_27.806227,upper,0.334651796866684,55161.895295548697
Zhuzhou,Transitional,Zhuzhou_113.177620_27.833176,Zhuzhou_113.188849_27.830930,upper,0.30820020724378705,55145.926223900169
Zhuzhou,Transitional,Zhuzhou_113.182111_27.833176,Zhuzhou_113.179866_27.857880,upper,0.34452698836676604,55145.926223811854
